opportunity_id,customer_account,product_group,mrr,stage,forecast_category,rep,sales_channel,created_date,close_date
OPP-00007,CloudFirst,Ethernet,123.79,5 - Accepted,Closed,Jose Banales,Channel,01/05/2026,03/13/2026
OPP-00008,VectorData,IP Transit,1577.49,5 - Accepted,Closed,Lisa Chen,Agent,10/28/2024,12/17/2024
OPP-00011,ClearPath,Wavelengths,410.63,5 - Accepted,Closed,David Park,Channel,12/18/2025,02/19/2026
OPP-00012,Summit Cloud,MPLS,600.83,Closed Won,Closed,Lisa Chen,Direct,07/10/2024,10/25/2024
OPP-00015,SkyBridge Networks,Managed Services,484.63,5 - Accepted,Closed,Ryan O'Brien,Channel,12/24/2025,01/23/2026
OPP-00016,ByteWorks,Wavelengths,204.8,5 - Accepted,Closed,Jose Banales,Channel,10/23/2025,03/02/2026
OPP-00021,IronGate Tech,Colocation,575.97,Closed Won,Closed,Jessica Kim,Direct,02/02/2025,03/03/2025
OPP-00023,Zenith Systems,Wavelengths,270.59,Closed Won,Closed,Nicole Foster,Direct,09/04/2025,12/08/2025
OPP-00024,VectorData,Ethernet,116.68,5 - Accepted,Closed,Amy Rodriguez,Direct,05/31/2024,06/17/2024
OPP-00025,Atlas Computing,MPLS,126.18,5 - Accepted,Closed,Nicole Foster,Direct,05/27/2024,08/12/2024
OPP-00027,VectorData,Wavelengths,708.05,Closed Won,Closed,Sarah Mitchell,Agent,12/27/2025,03/01/2026
OPP-00029,SignalBridge,Managed Services,221.03,Closed Won,Closed,Ryan O'Brien,Agent,06/01/2025,07/18/2025
OPP-00037,Apex Digital,Wavelengths,1003.36,5 - Accepted,Closed,David Park,Agent,09/30/2024,01/30/2025
OPP-00045,RedRock Data,Ethernet,17.13,5 - Accepted,Closed,David Park,Channel,06/08/2024,07/28/2024
OPP-00046,WavePoint,Ethernet,266.17,5 - Accepted,Closed,Chris Weber,Agent,05/17/2025,06/16/2025
OPP-00049,Atlas Computing,IP Transit,90.11,Closed Won,Closed,Nicole Foster,Agent,07/03/2025,09/02/2025
OPP-00050,CloudFirst,SD-WAN,151.7,5 - Accepted,Closed,Chris Weber,Channel,07/12/2025,07/31/2025
OPP-00064,Titanium Labs,SD-WAN,387.54,Closed Won,Closed,Jessica Kim,Channel,05/11/2024,07/03/2024
OPP-00068,FlexNet Solutions,Managed Services,287.61,Closed Won,Closed,Sarah Mitchell,Agent,01/10/2026,03/04/2026
OPP-00069,PrimeRoute,IP Transit,318.7,5 - Accepted,Closed,Sarah Mitchell,Direct,01/23/2025,05/21/2025
OPP-00078,PrimeRoute,DDoS Protection,2108.73,5 - Accepted,Closed,Amy Rodriguez,Agent,01/22/2026,02/18/2026
OPP-00084,FiberLink,Managed Services,956.0,5 - Accepted,Closed,Mark Thompson,Agent,04/05/2025,08/08/2025
OPP-00088,FlexNet Solutions,SD-WAN,843.3,Closed Won,Closed,Jose Banales,Agent,03/13/2025,05/23/2025
OPP-00095,HorizonIO,DDoS Protection,143.63,5 - Accepted,Closed,Sarah Mitchell,Direct,09/19/2025,11/07/2025
OPP-00099,Quantum Networks,Ethernet,848.37,Closed Won,Closed,Nicole Foster,Direct,10/06/2025,12/13/2025
OPP-00105,DigiPath,Colocation,1237.71,5 - Accepted,Closed,Lisa Chen,Channel,06/23/2024,09/26/2024
OPP-00115,IronGate Tech,IP Transit,581.49,5 - Accepted,Closed,Mark Thompson,Channel,01/02/2026,03/08/2026
OPP-00117,Zenith Systems,SD-WAN,436.23,Closed Won,Closed,Amy Rodriguez,Direct,03/10/2025,06/22/2025
OPP-00118,WavePoint,Ethernet,1910.29,Closed Won,Closed,Sarah Mitchell,Direct,09/15/2024,03/09/2025
OPP-00120,NetScale Systems,Managed Services,290.26,Closed Won,Closed,Jessica Kim,Agent,07/03/2025,11/10/2025
OPP-00123,ClearPath,Wavelengths,575.57,5 - Accepted,Closed,Ryan O'Brien,Agent,01/01/2025,04/25/2025
OPP-00132,SignalBridge,SD-WAN,1834.59,Closed Won,Closed,Jessica Kim,Agent,04/27/2025,09/17/2025
OPP-00133,SkyBridge Networks,Ethernet,2965.34,Closed Won,Closed,Chris Weber,Direct,08/14/2024,10/03/2024
OPP-00137,NexGen Telecom,IP Transit,57.97,5 - Accepted,Closed,David Park,Channel,09/05/2025,12/21/2025
OPP-00142,Pinnacle IT,SD-WAN,1245.37,Closed Won,Closed,Jose Banales,Agent,07/23/2024,11/09/2024
OPP-00143,IronGate Tech,DDoS Protection,104.88,5 - Accepted,Closed,Jessica Kim,Channel,12/16/2024,01/21/2025
OPP-00151,OmniConnect,Wavelengths,1594.1,Closed Won,Closed,Ryan O'Brien,Agent,08/20/2025,10/31/2025
OPP-00155,Summit Cloud,Dark Fiber,1281.13,5 - Accepted,Closed,Sarah Mitchell,Agent,08/31/2025,11/26/2025
OPP-00161,DigiPath,SD-WAN,1463.24,5 - Accepted,Closed,Jessica Kim,Direct,08/28/2024,12/04/2024
OPP-00163,Summit Cloud,Managed Services,368.95,5 - Accepted,Closed,Lisa Chen,Direct,01/16/2026,03/08/2026
OPP-00164,EchoPoint,Dark Fiber,950.2,5 - Accepted,Closed,Sarah Mitchell,Channel,05/02/2025,05/30/2025
OPP-00165,Titanium Labs,Colocation,858.94,5 - Accepted,Closed,Lisa Chen,Channel,12/16/2025,03/14/2026
OPP-00167,Summit Cloud,DDoS Protection,1483.03,5 - Accepted,Closed,Ryan O'Brien,Direct,08/17/2024,02/03/2025
OPP-00168,Summit Cloud,IP Transit,596.82,5 - Accepted,Closed,Amy Rodriguez,Agent,08/21/2025,01/19/2026
OPP-00173,Apex Digital,IP Transit,534.08,5 - Accepted,Closed,Jessica Kim,Agent,11/25/2024,02/19/2025
OPP-00182,GoldGrid,DDoS Protection,189.6,Closed Won,Closed,Chris Weber,Agent,02/12/2025,05/01/2025
OPP-00183,Acme Corp,SD-WAN,92.64,5 - Accepted,Closed,Chris Weber,Direct,03/29/2024,06/18/2024
OPP-00184,SkyBridge Networks,Ethernet,1193.06,5 - Accepted,Closed,Jose Banales,Agent,01/14/2025,05/03/2025
OPP-00187,Summit Cloud,Ethernet,149.27,5 - Accepted,Closed,Nicole Foster,Agent,11/05/2025,03/15/2026
OPP-00188,Summit Cloud,Managed Services,584.0,Closed Won,Closed,Jose Banales,Channel,01/27/2025,02/16/2025
OPP-00189,Zenith Systems,SD-WAN,286.62,5 - Accepted,Closed,Jose Banales,Agent,05/18/2024,06/19/2024
OPP-00190,Pinnacle IT,Dark Fiber,37.4,5 - Accepted,Closed,David Park,Channel,06/20/2025,10/09/2025
OPP-00196,PulseNet,DDoS Protection,956.84,5 - Accepted,Closed,Ryan O'Brien,Channel,05/18/2025,09/14/2025
OPP-00198,CloudFirst,Colocation,189.98,Closed Won,Closed,Chris Weber,Channel,06/06/2024,10/14/2024
OPP-00203,SkyBridge Networks,Cloud Connect,748.34,Closed Won,Closed,Chris Weber,Direct,01/14/2025,03/09/2025
OPP-00204,GridForce,Cloud Connect,24.53,5 - Accepted,Closed,Lisa Chen,Channel,01/04/2026,03/03/2026
OPP-00208,PulseNet,Wavelengths,978.16,5 - Accepted,Closed,Sarah Mitchell,Agent,04/28/2025,06/02/2025
OPP-00210,Quantum Networks,DDoS Protection,636.02,Closed Won,Closed,Chris Weber,Channel,06/05/2025,12/02/2025
OPP-00216,GoldGrid,SD-WAN,1326.49,5 - Accepted,Closed,Lisa Chen,Agent,04/20/2025,07/25/2025
OPP-00218,IronGate Tech,Managed Services,289.57,Closed Won,Closed,Ryan O'Brien,Agent,11/20/2025,02/26/2026
OPP-00219,TerraLink,Dark Fiber,482.22,Closed Won,Closed,David Park,Channel,04/11/2025,06/08/2025
OPP-00220,CoreConnect,SD-WAN,208.8,5 - Accepted,Closed,David Park,Channel,06/04/2024,09/19/2024
OPP-00226,TerraLink,Wavelengths,619.76,5 - Accepted,Closed,Jessica Kim,Agent,03/21/2025,08/20/2025
OPP-00229,Summit Cloud,IP Transit,138.1,Closed Won,Closed,Amy Rodriguez,Direct,06/27/2025,09/02/2025
OPP-00231,ClearPath,Wavelengths,219.96,Closed Won,Closed,Mark Thompson,Agent,07/04/2025,09/16/2025
OPP-00236,CopperLine,Wavelengths,297.75,Closed Won,Closed,Mark Thompson,Channel,04/19/2025,08/19/2025
OPP-00240,FlexNet Solutions,Dark Fiber,730.84,5 - Accepted,Closed,David Park,Direct,08/07/2025,01/09/2026
OPP-00248,OmniConnect,Wavelengths,397.0,Closed Won,Closed,Ryan O'Brien,Channel,01/02/2025,04/13/2025
OPP-00258,Pinnacle IT,Wavelengths,300.56,Closed Won,Closed,Jose Banales,Agent,08/13/2025,12/12/2025
OPP-00261,PulseNet,Wavelengths,2850.2,5 - Accepted,Closed,Jose Banales,Agent,12/08/2024,02/03/2025
OPP-00265,DataSync Labs,Colocation,242.09,5 - Accepted,Closed,Chris Weber,Direct,04/03/2025,05/18/2025
OPP-00272,CoreConnect,MPLS,266.48,5 - Accepted,Closed,Sarah Mitchell,Direct,10/16/2024,02/23/2025
OPP-00274,Apex Digital,IP Transit,660.52,Closed Won,Closed,Sarah Mitchell,Agent,09/12/2024,10/04/2024
OPP-00275,Zenith Systems,Managed Services,834.87,Closed Won,Closed,Ryan O'Brien,Agent,03/30/2024,04/29/2024
OPP-00278,TerraLink,DDoS Protection,354.06,5 - Accepted,Closed,Mark Thompson,Channel,12/06/2025,02/26/2026
OPP-00281,Summit Cloud,Cloud Connect,38.21,Closed Won,Closed,Chris Weber,Channel,07/14/2025,12/11/2025
OPP-00284,EchoPoint,SD-WAN,60.75,Closed Won,Closed,Mark Thompson,Channel,02/20/2025,08/11/2025
OPP-00294,SilverStream,DDoS Protection,265.38,Closed Won,Closed,Mark Thompson,Direct,09/22/2025,12/13/2025
OPP-00296,FlexNet Solutions,MPLS,2605.98,5 - Accepted,Closed,Jessica Kim,Direct,07/14/2024,10/15/2024
OPP-00298,Atlas Computing,SD-WAN,109.98,Closed Won,Closed,Lisa Chen,Channel,09/23/2025,01/21/2026
OPP-00301,PulseNet,IP Transit,67.35,5 - Accepted,Closed,Lisa Chen,Direct,02/08/2025,03/12/2025
OPP-00310,SwiftNode,IP Transit,2094.73,5 - Accepted,Closed,Jessica Kim,Agent,01/03/2025,01/25/2025
OPP-00316,SilverStream,DDoS Protection,306.72,5 - Accepted,Closed,Amy Rodriguez,Agent,04/23/2024,10/04/2024
OPP-00318,SignalBridge,Colocation,1154.32,5 - Accepted,Closed,Mark Thompson,Channel,09/21/2024,12/30/2024
OPP-00324,IronGate Tech,Managed Services,1245.75,5 - Accepted,Closed,Chris Weber,Direct,04/05/2024,04/21/2024
OPP-00325,NexGen Telecom,Ethernet,224.57,5 - Accepted,Closed,Amy Rodriguez,Channel,09/01/2025,02/15/2026
OPP-00328,VectorData,Colocation,556.97,Closed Won,Closed,Nicole Foster,Direct,07/14/2024,11/12/2024
OPP-00331,FiberLink,Managed Services,245.79,Closed Won,Closed,Lisa Chen,Agent,08/29/2024,09/23/2024
OPP-00335,Quantum Networks,Cloud Connect,187.8,5 - Accepted,Closed,Amy Rodriguez,Direct,07/20/2025,11/19/2025
OPP-00341,NetScale Systems,Managed Services,476.9,Closed Won,Closed,Amy Rodriguez,Direct,11/13/2024,12/18/2024
OPP-00343,FiberLink,DDoS Protection,5306.05,Closed Won,Closed,Chris Weber,Direct,10/14/2025,12/20/2025
OPP-00351,SilverStream,Colocation,78.38,Closed Won,Closed,David Park,Agent,01/09/2025,04/22/2025
OPP-00360,Summit Cloud,IP Transit,4206.49,Closed Won,Closed,Chris Weber,Agent,02/20/2025,06/07/2025
OPP-00366,DataSync Labs,Wavelengths,492.65,Closed Won,Closed,Sarah Mitchell,Direct,12/07/2024,04/05/2025
OPP-00367,TerraLink,Managed Services,492.74,Closed Won,Closed,Chris Weber,Channel,12/11/2025,01/11/2026
OPP-00369,TerraLink,DDoS Protection,127.32,5 - Accepted,Closed,Jose Banales,Channel,01/17/2025,07/16/2025
OPP-00370,SkyBridge Networks,Dark Fiber,1707.02,5 - Accepted,Closed,Ryan O'Brien,Agent,01/24/2025,04/02/2025
OPP-00379,CoreConnect,Managed Services,3651.87,Closed Won,Closed,Ryan O'Brien,Agent,12/06/2025,02/01/2026
OPP-00381,ByteWorks,Managed Services,481.33,Closed Won,Closed,Lisa Chen,Direct,04/19/2025,09/01/2025
OPP-00387,Titanium Labs,IP Transit,644.65,5 - Accepted,Closed,Jose Banales,Direct,04/06/2024,07/02/2024
OPP-00391,GoldGrid,MPLS,11473.03,5 - Accepted,Closed,Jose Banales,Agent,09/21/2025,10/06/2025
OPP-00393,OmniConnect,MPLS,628.59,Closed Won,Closed,Nicole Foster,Direct,12/06/2024,02/07/2025
OPP-00394,Acme Corp,Dark Fiber,709.84,Closed Won,Closed,Nicole Foster,Agent,03/23/2025,05/04/2025
OPP-00396,Pinnacle IT,IP Transit,818.88,5 - Accepted,Closed,Amy Rodriguez,Agent,04/29/2025,06/18/2025
OPP-00399,ByteWorks,Cloud Connect,658.39,5 - Accepted,Closed,Sarah Mitchell,Agent,11/19/2025,12/18/2025
OPP-00401,ByteWorks,MPLS,187.16,Closed Won,Closed,Mark Thompson,Agent,02/01/2026,03/05/2026
OPP-00404,Summit Cloud,SD-WAN,710.04,5 - Accepted,Closed,Ryan O'Brien,Agent,02/28/2025,07/10/2025
OPP-00405,Atlas Computing,MPLS,647.39,Closed Won,Closed,Jose Banales,Channel,02/04/2025,06/04/2025
OPP-00408,NexGen Telecom,SD-WAN,182.59,5 - Accepted,Closed,Lisa Chen,Direct,06/06/2024,10/25/2024
OPP-00411,PulseNet,Managed Services,516.58,Closed Won,Closed,Sarah Mitchell,Agent,12/05/2025,02/24/2026
OPP-00420,ByteWorks,Cloud Connect,172.72,5 - Accepted,Closed,Amy Rodriguez,Agent,03/24/2025,09/05/2025
OPP-00421,Cascade Networks,Managed Services,632.15,Closed Won,Closed,Chris Weber,Direct,09/04/2024,12/29/2024
OPP-00422,FiberLink,Wavelengths,47.7,5 - Accepted,Closed,Sarah Mitchell,Channel,06/12/2024,10/04/2024
OPP-00426,SwiftNode,SD-WAN,492.05,Closed Won,Closed,Amy Rodriguez,Channel,08/04/2024,11/15/2024
OPP-00428,FlexNet Solutions,MPLS,311.39,5 - Accepted,Closed,Lisa Chen,Direct,01/08/2026,02/19/2026
OPP-00429,TerraLink,Ethernet,71.93,5 - Accepted,Closed,David Park,Direct,12/18/2024,04/17/2025
OPP-00432,Quantum Networks,IP Transit,988.08,5 - Accepted,Closed,Jose Banales,Channel,08/14/2024,09/12/2024
OPP-00433,PrimeRoute,DDoS Protection,42.14,5 - Accepted,Closed,Sarah Mitchell,Agent,06/14/2025,08/31/2025
OPP-00437,CopperLine,Managed Services,403.22,Closed Won,Closed,Nicole Foster,Direct,02/27/2025,08/21/2025
OPP-00441,PrimeRoute,MPLS,1693.41,5 - Accepted,Closed,Ryan O'Brien,Direct,06/25/2025,07/10/2025
OPP-00444,Cascade Networks,Wavelengths,390.17,Closed Won,Closed,Jose Banales,Direct,10/23/2025,02/19/2026
OPP-00450,Apex Digital,MPLS,238.34,5 - Accepted,Closed,Lisa Chen,Agent,04/28/2025,05/13/2025
OPP-00452,Summit Cloud,Colocation,153.98,5 - Accepted,Closed,Nicole Foster,Agent,11/04/2025,01/21/2026
OPP-00457,Zenith Systems,Managed Services,805.89,5 - Accepted,Closed,Nicole Foster,Agent,02/25/2025,04/02/2025
OPP-00458,Pinnacle IT,MPLS,771.41,5 - Accepted,Closed,Jose Banales,Agent,08/03/2024,12/19/2024
OPP-00463,EchoPoint,Ethernet,1353.61,5 - Accepted,Closed,Lisa Chen,Agent,04/07/2025,09/18/2025
OPP-00464,Cascade Networks,Dark Fiber,77.05,5 - Accepted,Closed,David Park,Direct,12/20/2024,04/06/2025
OPP-00469,GoldGrid,Ethernet,1418.85,5 - Accepted,Closed,Chris Weber,Direct,09/24/2025,11/11/2025
OPP-00474,RedRock Data,Managed Services,70.96,Closed Won,Closed,Mark Thompson,Direct,10/11/2024,12/17/2024
OPP-00475,NetScale Systems,IP Transit,1625.95,5 - Accepted,Closed,Jessica Kim,Agent,04/29/2024,10/16/2024
OPP-00477,SwiftNode,Managed Services,515.68,Closed Won,Closed,Jose Banales,Direct,12/23/2025,01/19/2026
OPP-00484,LinkStream,MPLS,126.34,Closed Won,Closed,Jessica Kim,Channel,12/12/2025,02/28/2026
OPP-00485,LinkStream,Dark Fiber,3595.29,Closed Won,Closed,Mark Thompson,Direct,11/25/2025,02/24/2026
OPP-00486,ClearPath,Wavelengths,846.69,5 - Accepted,Closed,Jose Banales,Direct,11/17/2025,02/20/2026
OPP-00488,IronGate Tech,Colocation,221.46,5 - Accepted,Closed,Sarah Mitchell,Channel,10/18/2024,12/25/2024
OPP-00491,RedRock Data,Managed Services,540.67,Closed Won,Closed,Mark Thompson,Agent,10/16/2024,04/06/2025
OPP-00493,Summit Cloud,Colocation,1343.42,5 - Accepted,Closed,Amy Rodriguez,Direct,04/16/2024,06/14/2024
OPP-00501,DataSync Labs,MPLS,579.26,5 - Accepted,Closed,Sarah Mitchell,Channel,10/09/2024,12/12/2024
OPP-00505,CloudFirst,Wavelengths,571.5,5 - Accepted,Closed,Chris Weber,Direct,10/06/2024,03/06/2025
OPP-00507,ByteWorks,Ethernet,1376.54,Closed Won,Closed,Mark Thompson,Agent,02/13/2025,06/24/2025
OPP-00516,IronGate Tech,MPLS,340.65,5 - Accepted,Closed,Chris Weber,Agent,09/11/2024,01/25/2025
OPP-00519,TerraLink,Cloud Connect,1028.03,5 - Accepted,Closed,Lisa Chen,Direct,08/13/2025,11/04/2025
OPP-00520,BluePeak,Colocation,649.11,5 - Accepted,Closed,Nicole Foster,Channel,07/24/2025,08/28/2025
OPP-00522,EchoPoint,MPLS,353.72,Closed Won,Closed,David Park,Agent,07/11/2025,12/19/2025
OPP-00523,ClearPath,DDoS Protection,1177.27,5 - Accepted,Closed,Amy Rodriguez,Channel,05/19/2024,11/11/2024
OPP-00536,PrimeRoute,DDoS Protection,281.03,Closed Won,Closed,Amy Rodriguez,Channel,05/18/2024,08/07/2024
OPP-00538,IronGate Tech,Ethernet,490.77,5 - Accepted,Closed,Nicole Foster,Agent,06/17/2025,07/06/2025
OPP-00542,FlexNet Solutions,Ethernet,204.61,Closed Won,Closed,Mark Thompson,Agent,07/05/2024,12/28/2024
OPP-00543,OmniConnect,Managed Services,42.34,Closed Won,Closed,Sarah Mitchell,Agent,11/15/2025,01/30/2026
OPP-00545,ClearPath,Dark Fiber,539.51,5 - Accepted,Closed,Amy Rodriguez,Agent,11/11/2024,12/14/2024
OPP-00551,LinkStream,IP Transit,511.04,Closed Won,Closed,David Park,Agent,09/18/2024,02/07/2025
OPP-00559,PrimeRoute,IP Transit,178.0,5 - Accepted,Closed,Sarah Mitchell,Channel,08/25/2024,02/19/2025
OPP-00567,CloudFirst,Colocation,288.43,Closed Won,Closed,Amy Rodriguez,Direct,10/11/2025,11/12/2025
OPP-00568,StarForge,Ethernet,2900.63,5 - Accepted,Closed,Mark Thompson,Channel,10/18/2024,12/29/2024
OPP-00571,GridForce,Managed Services,132.87,Closed Won,Closed,Sarah Mitchell,Direct,08/16/2024,01/05/2025
OPP-00572,WavePoint,Ethernet,367.73,Closed Won,Closed,Ryan O'Brien,Agent,01/07/2026,01/27/2026
OPP-00583,SkyBridge Networks,DDoS Protection,938.22,5 - Accepted,Closed,Amy Rodriguez,Direct,05/17/2025,09/22/2025
OPP-00587,HorizonIO,Managed Services,145.81,Closed Won,Closed,Ryan O'Brien,Agent,01/02/2026,03/02/2026
OPP-00593,CopperLine,Cloud Connect,40.83,5 - Accepted,Closed,Mark Thompson,Direct,08/31/2024,10/11/2024
OPP-00595,NetScale Systems,Wavelengths,106.52,5 - Accepted,Closed,Mark Thompson,Direct,11/19/2025,02/21/2026
OPP-00598,DigiPath,SD-WAN,148.31,Closed Won,Closed,Jose Banales,Direct,06/18/2024,08/09/2024
OPP-00608,RedRock Data,Ethernet,401.84,Closed Won,Closed,Mark Thompson,Direct,09/17/2024,01/07/2025
OPP-00611,Apex Digital,DDoS Protection,1040.52,5 - Accepted,Closed,Jessica Kim,Channel,06/02/2025,07/21/2025
OPP-00616,HorizonIO,Wavelengths,707.95,5 - Accepted,Closed,Amy Rodriguez,Direct,08/27/2025,12/27/2025
OPP-00617,PrimeRoute,Dark Fiber,269.03,5 - Accepted,Closed,Jessica Kim,Agent,07/31/2025,09/09/2025
OPP-00619,NetScale Systems,Colocation,2143.66,5 - Accepted,Closed,Lisa Chen,Channel,06/20/2024,11/30/2024
OPP-00621,Summit Cloud,SD-WAN,140.25,5 - Accepted,Closed,Chris Weber,Agent,02/03/2026,03/12/2026
OPP-00623,Titanium Labs,Dark Fiber,3511.06,Closed Won,Closed,Ryan O'Brien,Direct,06/06/2025,10/04/2025
OPP-00624,Apex Digital,Wavelengths,114.74,Closed Won,Closed,Lisa Chen,Channel,05/07/2025,07/22/2025
OPP-00626,DataSync Labs,Ethernet,599.69,5 - Accepted,Closed,Mark Thompson,Channel,04/30/2024,09/16/2024
OPP-00630,LinkStream,IP Transit,117.67,5 - Accepted,Closed,Sarah Mitchell,Direct,08/02/2025,12/31/2025
OPP-00635,FiberLink,IP Transit,365.43,5 - Accepted,Closed,David Park,Agent,05/10/2024,11/05/2024
OPP-00641,GridForce,SD-WAN,101.08,Closed Won,Closed,David Park,Agent,05/20/2025,07/20/2025
OPP-00643,Atlas Computing,Wavelengths,1543.57,5 - Accepted,Closed,Jose Banales,Channel,05/25/2025,11/08/2025
OPP-00644,VectorData,Wavelengths,367.72,Closed Won,Closed,Sarah Mitchell,Agent,11/28/2025,02/23/2026
OPP-00646,CoreConnect,Wavelengths,379.55,Closed Won,Closed,Amy Rodriguez,Agent,12/30/2024,04/16/2025
OPP-00648,WavePoint,Colocation,110.88,Closed Won,Closed,Jessica Kim,Direct,07/09/2025,11/12/2025
OPP-00650,OmniConnect,Wavelengths,593.79,5 - Accepted,Closed,Lisa Chen,Channel,10/21/2024,04/03/2025
OPP-00651,Acme Corp,Colocation,10233.68,5 - Accepted,Closed,Nicole Foster,Direct,04/13/2024,07/09/2024
OPP-00655,Quantum Networks,Dark Fiber,87.01,Closed Won,Closed,Lisa Chen,Direct,06/03/2025,09/05/2025
OPP-00656,SilverStream,IP Transit,334.81,Closed Won,Closed,Amy Rodriguez,Agent,07/18/2025,10/09/2025
OPP-00660,FlexNet Solutions,MPLS,418.78,Closed Won,Closed,Jose Banales,Agent,07/06/2025,12/13/2025
OPP-00665,Zenith Systems,SD-WAN,663.23,Closed Won,Closed,Sarah Mitchell,Direct,04/14/2024,06/21/2024
OPP-00668,GridForce,SD-WAN,1349.63,5 - Accepted,Closed,Nicole Foster,Channel,10/06/2025,01/03/2026
OPP-00683,StarForge,SD-WAN,849.41,Closed Won,Closed,Amy Rodriguez,Channel,10/14/2024,03/17/2025
OPP-00689,FiberLink,IP Transit,369.35,Closed Won,Closed,Chris Weber,Channel,03/31/2025,08/27/2025
OPP-00693,FlexNet Solutions,Dark Fiber,183.49,5 - Accepted,Closed,Ryan O'Brien,Direct,08/11/2024,10/01/2024
OPP-00695,OmniConnect,Wavelengths,336.25,5 - Accepted,Closed,Jose Banales,Channel,11/28/2025,01/15/2026
OPP-00702,SignalBridge,SD-WAN,40.97,5 - Accepted,Closed,Mark Thompson,Direct,01/17/2025,05/11/2025
OPP-00707,NexGen Telecom,Colocation,589.01,5 - Accepted,Closed,Chris Weber,Agent,05/18/2024,10/03/2024
OPP-00708,PrimeRoute,MPLS,577.1,Closed Won,Closed,David Park,Agent,05/03/2024,06/28/2024
OPP-00718,SkyBridge Networks,Colocation,444.78,5 - Accepted,Closed,Jose Banales,Agent,04/23/2025,06/26/2025
OPP-00728,EchoPoint,IP Transit,3002.52,5 - Accepted,Closed,Mark Thompson,Channel,01/20/2026,03/13/2026
OPP-00734,ClearPath,Colocation,726.46,5 - Accepted,Closed,Lisa Chen,Direct,07/09/2024,10/18/2024
OPP-00735,LinkStream,SD-WAN,854.96,Closed Won,Closed,Jessica Kim,Direct,04/09/2025,07/28/2025
OPP-00736,Apex Digital,MPLS,1134.3,Closed Won,Closed,Chris Weber,Agent,08/17/2024,11/23/2024
OPP-00739,Cascade Networks,Managed Services,354.66,Closed Won,Closed,Jessica Kim,Channel,10/27/2024,01/28/2025
OPP-00742,RedRock Data,Cloud Connect,643.48,5 - Accepted,Closed,David Park,Channel,06/10/2024,09/08/2024
OPP-00743,Summit Cloud,Colocation,159.01,Closed Won,Closed,Ryan O'Brien,Agent,01/21/2025,04/16/2025
OPP-00747,StarForge,Dark Fiber,402.94,Closed Won,Closed,Amy Rodriguez,Direct,03/16/2025,06/25/2025
OPP-00750,NetScale Systems,Colocation,608.82,5 - Accepted,Closed,Chris Weber,Direct,09/09/2024,10/20/2024
OPP-00752,Cascade Networks,Wavelengths,1417.9,5 - Accepted,Closed,Jessica Kim,Direct,08/25/2024,10/07/2024
OPP-00759,LinkStream,Managed Services,420.33,Closed Won,Closed,Chris Weber,Agent,05/11/2025,09/18/2025
OPP-00760,SignalBridge,SD-WAN,154.0,5 - Accepted,Closed,Lisa Chen,Agent,10/03/2024,01/27/2025
OPP-00764,LinkStream,Dark Fiber,291.33,Closed Won,Closed,Ryan O'Brien,Direct,05/10/2024,10/25/2024
OPP-00767,Summit Cloud,Wavelengths,1768.77,Closed Won,Closed,Amy Rodriguez,Channel,05/30/2025,07/14/2025
OPP-00768,ByteWorks,Ethernet,74.84,5 - Accepted,Closed,Sarah Mitchell,Channel,12/28/2024,06/20/2025
OPP-00772,GoldGrid,Wavelengths,197.44,Closed Won,Closed,Jose Banales,Direct,11/16/2024,05/03/2025
OPP-00775,TerraLink,Colocation,134.8,5 - Accepted,Closed,Amy Rodriguez,Direct,12/27/2025,02/16/2026
OPP-00777,SignalBridge,Ethernet,182.86,5 - Accepted,Closed,Lisa Chen,Channel,03/21/2025,07/15/2025
OPP-00779,TerraLink,DDoS Protection,158.92,Closed Won,Closed,Sarah Mitchell,Channel,06/25/2025,09/20/2025
OPP-00780,TerraLink,Colocation,860.83,5 - Accepted,Closed,Nicole Foster,Channel,05/06/2025,09/04/2025
OPP-00784,VectorData,MPLS,14420.61,Closed Won,Closed,Jessica Kim,Agent,04/29/2025,10/11/2025
OPP-00785,Quantum Networks,Colocation,404.58,5 - Accepted,Closed,Lisa Chen,Channel,04/13/2025,09/25/2025
OPP-00787,HorizonIO,Dark Fiber,468.13,5 - Accepted,Closed,Mark Thompson,Channel,06/02/2025,07/30/2025
OPP-00790,SignalBridge,Wavelengths,355.21,5 - Accepted,Closed,David Park,Direct,03/27/2024,04/26/2024
OPP-00794,SwiftNode,MPLS,85.17,5 - Accepted,Closed,Jessica Kim,Agent,05/03/2024,08/09/2024
OPP-00797,DigiPath,Managed Services,226.03,Closed Won,Closed,Ryan O'Brien,Direct,12/30/2024,03/11/2025
OPP-00799,TerraLink,Colocation,119.99,Closed Won,Closed,Chris Weber,Direct,11/14/2025,01/16/2026
OPP-00808,CloudFirst,Wavelengths,625.51,5 - Accepted,Closed,Amy Rodriguez,Channel,04/21/2024,06/05/2024
OPP-00810,TerraLink,SD-WAN,377.28,Closed Won,Closed,Jessica Kim,Channel,08/21/2025,11/01/2025
OPP-00812,IronGate Tech,SD-WAN,210.35,Closed Won,Closed,Nicole Foster,Direct,04/25/2025,09/29/2025
OPP-00824,CoreConnect,SD-WAN,73.62,Closed Won,Closed,Jose Banales,Agent,12/16/2024,01/13/2025
OPP-00827,Quantum Networks,Wavelengths,121.82,Closed Won,Closed,Sarah Mitchell,Agent,08/04/2025,08/21/2025
OPP-00830,Cascade Networks,Ethernet,2025.57,5 - Accepted,Closed,Mark Thompson,Direct,04/10/2025,06/07/2025
OPP-00833,Acme Corp,MPLS,1082.48,5 - Accepted,Closed,Jessica Kim,Channel,03/16/2025,04/02/2025
OPP-00835,VectorData,Ethernet,447.04,Closed Won,Closed,Jessica Kim,Channel,06/10/2025,10/15/2025
OPP-00836,SignalBridge,IP Transit,131.52,Closed Won,Closed,Amy Rodriguez,Agent,08/01/2024,11/25/2024
OPP-00840,NexGen Telecom,MPLS,22.21,Closed Won,Closed,Mark Thompson,Agent,10/07/2024,02/20/2025
OPP-00844,BluePeak,Ethernet,131.22,5 - Accepted,Closed,Amy Rodriguez,Direct,11/29/2025,01/08/2026
OPP-00845,IronGate Tech,IP Transit,1208.37,Closed Won,Closed,David Park,Channel,07/29/2024,11/05/2024
OPP-00850,BluePeak,Colocation,394.69,Closed Won,Closed,Ryan O'Brien,Direct,08/25/2025,09/28/2025
OPP-00851,SignalBridge,Managed Services,579.91,5 - Accepted,Closed,Ryan O'Brien,Channel,03/27/2024,08/20/2024
OPP-00852,Atlas Computing,Colocation,459.22,5 - Accepted,Closed,Ryan O'Brien,Channel,05/03/2024,10/01/2024
OPP-00858,WavePoint,Managed Services,114.75,Closed Won,Closed,Sarah Mitchell,Channel,09/18/2024,03/17/2025
OPP-00863,SignalBridge,SD-WAN,544.18,5 - Accepted,Closed,Amy Rodriguez,Channel,05/02/2024,06/12/2024
OPP-00871,EchoPoint,Colocation,538.23,Closed Won,Closed,Jessica Kim,Agent,10/30/2025,01/09/2026
OPP-00875,TechFlow Inc,IP Transit,167.0,5 - Accepted,Closed,Amy Rodriguez,Direct,08/08/2024,01/05/2025
OPP-00878,HorizonIO,Ethernet,85.03,5 - Accepted,Closed,Chris Weber,Direct,10/28/2024,02/20/2025
OPP-00880,SignalBridge,Dark Fiber,45.14,Closed Won,Closed,Amy Rodriguez,Agent,02/24/2025,03/18/2025
OPP-00881,NexGen Telecom,SD-WAN,866.41,Closed Won,Closed,Mark Thompson,Agent,10/03/2025,12/08/2025
OPP-00883,Acme Corp,Cloud Connect,640.47,5 - Accepted,Closed,David Park,Channel,05/09/2025,09/29/2025
OPP-00884,FiberLink,Colocation,242.44,Closed Won,Closed,Mark Thompson,Direct,07/05/2025,08/09/2025
OPP-00888,Atlas Computing,Cloud Connect,291.49,5 - Accepted,Closed,Mark Thompson,Channel,07/02/2025,09/21/2025
OPP-00890,Zenith Systems,DDoS Protection,177.99,5 - Accepted,Closed,Nicole Foster,Agent,08/18/2025,12/26/2025
OPP-00896,CloudFirst,Ethernet,305.36,Closed Won,Closed,Jose Banales,Agent,06/23/2025,10/23/2025
OPP-00904,Cascade Networks,Cloud Connect,465.14,Closed Won,Closed,Sarah Mitchell,Direct,01/22/2026,02/25/2026
OPP-00906,Summit Cloud,MPLS,1438.19,Closed Won,Closed,Jose Banales,Agent,07/13/2024,09/16/2024
OPP-00918,SkyBridge Networks,Wavelengths,160.31,Closed Won,Closed,Lisa Chen,Direct,06/20/2024,10/02/2024
OPP-00921,SwiftNode,DDoS Protection,594.1,Closed Won,Closed,Nicole Foster,Agent,10/19/2025,02/01/2026
OPP-00926,BluePeak,DDoS Protection,303.35,5 - Accepted,Closed,Amy Rodriguez,Channel,05/23/2025,07/07/2025
OPP-00927,DigiPath,Managed Services,116.52,Closed Won,Closed,Mark Thompson,Agent,10/28/2025,11/13/2025
OPP-00930,DigiPath,Cloud Connect,5990.97,Closed Won,Closed,Nicole Foster,Direct,11/04/2024,01/01/2025
OPP-00934,RedRock Data,SD-WAN,790.44,5 - Accepted,Closed,Amy Rodriguez,Agent,11/21/2024,05/20/2025
OPP-00935,LinkStream,Wavelengths,362.63,Closed Won,Closed,Sarah Mitchell,Channel,07/30/2025,09/09/2025
OPP-00936,ClearPath,Ethernet,1401.43,5 - Accepted,Closed,Nicole Foster,Agent,08/16/2025,09/27/2025
OPP-00940,Summit Cloud,DDoS Protection,89.73,Closed Won,Closed,Ryan O'Brien,Channel,05/24/2025,07/27/2025
OPP-00942,NexGen Telecom,Wavelengths,127.81,5 - Accepted,Closed,Lisa Chen,Direct,12/25/2024,03/07/2025
OPP-00944,FlexNet Solutions,MPLS,643.08,5 - Accepted,Closed,David Park,Agent,02/13/2026,03/17/2026
OPP-00945,SignalBridge,IP Transit,346.7,5 - Accepted,Closed,Amy Rodriguez,Channel,12/13/2024,01/16/2025
OPP-00947,FlexNet Solutions,Ethernet,207.65,Closed Won,Closed,Ryan O'Brien,Agent,03/12/2025,08/13/2025
OPP-00950,Quantum Networks,Ethernet,253.34,5 - Accepted,Closed,Chris Weber,Agent,11/11/2025,03/12/2026
OPP-00953,FlexNet Solutions,Wavelengths,107.23,Closed Won,Closed,David Park,Direct,06/01/2025,09/14/2025
OPP-00954,Acme Corp,Dark Fiber,25.64,Closed Won,Closed,David Park,Direct,06/03/2025,11/14/2025
OPP-00955,Quantum Networks,SD-WAN,131.65,5 - Accepted,Closed,Lisa Chen,Direct,01/21/2025,07/07/2025
OPP-00957,BluePeak,Colocation,469.28,5 - Accepted,Closed,Lisa Chen,Channel,06/08/2025,07/17/2025
OPP-00963,Acme Corp,Managed Services,514.45,Closed Won,Closed,Nicole Foster,Agent,06/25/2024,09/11/2024
OPP-00970,Cascade Networks,DDoS Protection,223.59,5 - Accepted,Closed,Ryan O'Brien,Direct,08/08/2024,11/02/2024
OPP-00978,SwiftNode,DDoS Protection,78.34,5 - Accepted,Closed,Chris Weber,Direct,05/09/2024,10/24/2024
OPP-00981,Pinnacle IT,SD-WAN,95.05,5 - Accepted,Closed,Jose Banales,Direct,05/20/2024,08/03/2024
OPP-00983,Quantum Networks,Colocation,399.8,Closed Won,Closed,Jessica Kim,Direct,03/11/2025,07/14/2025
OPP-00985,TechFlow Inc,Colocation,313.43,Closed Won,Closed,Jessica Kim,Direct,08/06/2024,09/19/2024
OPP-00986,SwiftNode,Wavelengths,222.82,Closed Won,Closed,Nicole Foster,Channel,03/28/2024,06/09/2024
OPP-00988,CoreConnect,Managed Services,218.26,Closed Won,Closed,Mark Thompson,Channel,01/19/2026,02/22/2026
OPP-00993,PrimeRoute,MPLS,128.78,5 - Accepted,Closed,Chris Weber,Channel,05/10/2024,08/11/2024
OPP-01001,DataSync Labs,IP Transit,206.85,Closed Won,Closed,Ryan O'Brien,Channel,02/10/2026,02/28/2026
OPP-01003,SkyBridge Networks,DDoS Protection,74.76,Closed Won,Closed,Sarah Mitchell,Agent,02/24/2025,06/23/2025
OPP-01004,SkyBridge Networks,Managed Services,1474.76,5 - Accepted,Closed,David Park,Agent,08/20/2025,01/30/2026
OPP-01006,Titanium Labs,Colocation,1835.84,Closed Won,Closed,Nicole Foster,Agent,05/09/2024,10/26/2024
OPP-01007,Pinnacle IT,Colocation,1423.07,5 - Accepted,Closed,Ryan O'Brien,Channel,03/23/2025,06/05/2025
OPP-01009,SkyBridge Networks,Managed Services,1287.81,Closed Won,Closed,Nicole Foster,Direct,05/09/2025,10/20/2025
OPP-01010,CoreConnect,MPLS,617.67,5 - Accepted,Closed,David Park,Channel,10/06/2024,12/06/2024
OPP-01015,Summit Cloud,Wavelengths,259.22,5 - Accepted,Closed,Mark Thompson,Direct,08/20/2025,02/01/2026
OPP-01016,PrimeRoute,Wavelengths,196.81,5 - Accepted,Closed,Lisa Chen,Channel,09/16/2024,11/06/2024
OPP-01021,DigiPath,Wavelengths,118.9,Closed Won,Closed,Jessica Kim,Channel,06/06/2024,08/16/2024
OPP-01025,Acme Corp,DDoS Protection,759.44,Closed Won,Closed,Sarah Mitchell,Channel,11/13/2024,05/10/2025
OPP-01032,Quantum Networks,Cloud Connect,283.11,Closed Won,Closed,Amy Rodriguez,Agent,08/25/2024,01/24/2025
OPP-01037,IronGate Tech,Colocation,258.43,5 - Accepted,Closed,Jose Banales,Channel,10/31/2024,02/27/2025
OPP-01042,VectorData,DDoS Protection,1063.81,5 - Accepted,Closed,David Park,Agent,03/23/2024,06/14/2024
OPP-01044,Quantum Networks,Wavelengths,25.48,Closed Won,Closed,Chris Weber,Agent,09/04/2024,11/08/2024
OPP-01051,StarForge,Colocation,218.22,Closed Won,Closed,Lisa Chen,Direct,06/30/2024,08/16/2024
OPP-01064,PrimeRoute,MPLS,166.56,Closed Won,Closed,Lisa Chen,Agent,07/16/2024,10/26/2024
OPP-01067,HorizonIO,Dark Fiber,137.69,5 - Accepted,Closed,Chris Weber,Agent,12/22/2024,02/26/2025
OPP-01068,PulseNet,SD-WAN,517.39,5 - Accepted,Closed,David Park,Agent,01/04/2026,03/03/2026
OPP-01072,CopperLine,Dark Fiber,105.7,Closed Won,Closed,Amy Rodriguez,Agent,02/25/2025,08/24/2025
OPP-01074,IronGate Tech,DDoS Protection,379.95,5 - Accepted,Closed,Jessica Kim,Direct,04/28/2024,07/11/2024
OPP-01077,WavePoint,Cloud Connect,191.53,Closed Won,Closed,Jessica Kim,Channel,01/26/2025,03/02/2025
OPP-01078,PulseNet,Ethernet,64.74,5 - Accepted,Closed,Lisa Chen,Channel,04/25/2025,07/03/2025
OPP-01082,Quantum Networks,Cloud Connect,109.54,5 - Accepted,Closed,Chris Weber,Agent,04/22/2024,07/12/2024
OPP-01084,Acme Corp,IP Transit,740.0,5 - Accepted,Closed,Amy Rodriguez,Direct,05/12/2024,08/12/2024
OPP-01086,SkyBridge Networks,Wavelengths,136.22,Closed Won,Closed,Mark Thompson,Channel,11/12/2025,02/01/2026
OPP-01089,PulseNet,SD-WAN,548.27,Closed Won,Closed,Amy Rodriguez,Channel,04/24/2024,09/22/2024
OPP-01090,Zenith Systems,Ethernet,652.62,Closed Won,Closed,Mark Thompson,Direct,12/24/2024,04/06/2025
OPP-01097,ByteWorks,Ethernet,1342.47,5 - Accepted,Closed,Jose Banales,Agent,07/02/2025,12/14/2025
OPP-01102,CoreConnect,DDoS Protection,481.69,Closed Won,Closed,Nicole Foster,Direct,08/27/2024,12/22/2024
OPP-01105,PulseNet,DDoS Protection,1113.7,5 - Accepted,Closed,David Park,Direct,06/26/2024,10/17/2024
OPP-01106,CopperLine,DDoS Protection,56.96,Closed Won,Closed,Chris Weber,Channel,06/08/2024,11/23/2024
OPP-01109,GridForce,Cloud Connect,309.34,5 - Accepted,Closed,Mark Thompson,Channel,06/15/2025,08/30/2025
OPP-01117,WavePoint,IP Transit,152.07,Closed Won,Closed,Mark Thompson,Agent,12/08/2024,03/26/2025
OPP-01119,SignalBridge,Colocation,252.19,Closed Won,Closed,Jessica Kim,Direct,11/02/2024,12/25/2024
OPP-01121,SkyBridge Networks,Dark Fiber,1888.5,Closed Won,Closed,Chris Weber,Agent,06/07/2024,07/06/2024
OPP-01123,Atlas Computing,IP Transit,241.65,Closed Won,Closed,Jose Banales,Agent,11/22/2024,05/05/2025
OPP-01130,FiberLink,Ethernet,125.48,5 - Accepted,Closed,Lisa Chen,Channel,12/02/2025,02/08/2026
OPP-01131,Titanium Labs,IP Transit,2592.87,Closed Won,Closed,Amy Rodriguez,Direct,08/25/2024,12/01/2024
OPP-01133,HorizonIO,Cloud Connect,237.43,5 - Accepted,Closed,Amy Rodriguez,Agent,08/08/2024,12/17/2024
OPP-01135,Apex Digital,Colocation,184.21,5 - Accepted,Closed,Ryan O'Brien,Agent,07/22/2025,01/04/2026
OPP-01148,Apex Digital,Ethernet,1013.65,5 - Accepted,Closed,Lisa Chen,Direct,05/07/2024,09/13/2024
OPP-01151,Quantum Networks,Colocation,80.91,5 - Accepted,Closed,Amy Rodriguez,Channel,05/22/2025,09/16/2025
OPP-01153,TechFlow Inc,SD-WAN,162.84,Closed Won,Closed,Amy Rodriguez,Direct,07/12/2025,08/05/2025
OPP-01157,EchoPoint,DDoS Protection,270.21,Closed Won,Closed,Nicole Foster,Agent,05/21/2025,06/21/2025
OPP-01166,Cascade Networks,SD-WAN,873.42,Closed Won,Closed,Sarah Mitchell,Channel,01/14/2025,03/02/2025
OPP-01171,TerraLink,Colocation,476.63,5 - Accepted,Closed,Chris Weber,Channel,12/05/2025,03/15/2026
OPP-01172,CloudFirst,DDoS Protection,309.09,Closed Won,Closed,Mark Thompson,Direct,05/21/2025,09/13/2025
OPP-01174,LinkStream,Managed Services,441.08,Closed Won,Closed,Mark Thompson,Agent,12/21/2025,03/02/2026
OPP-01183,OmniConnect,Cloud Connect,1239.39,5 - Accepted,Closed,Lisa Chen,Channel,08/29/2024,11/05/2024
OPP-01184,StarForge,Colocation,165.32,Closed Won,Closed,Amy Rodriguez,Agent,11/06/2024,02/10/2025
OPP-01192,IronGate Tech,Cloud Connect,48.05,Closed Won,Closed,Amy Rodriguez,Direct,11/25/2024,04/26/2025
OPP-01194,StarForge,Ethernet,399.23,5 - Accepted,Closed,Jessica Kim,Channel,09/09/2024,09/29/2024
OPP-01195,StarForge,Managed Services,100.38,Closed Won,Closed,Ryan O'Brien,Agent,12/25/2024,06/03/2025
OPP-01198,NetScale Systems,Colocation,275.26,Closed Won,Closed,Chris Weber,Agent,05/05/2025,10/13/2025
OPP-01200,RedRock Data,Wavelengths,106.75,Closed Won,Closed,Mark Thompson,Channel,09/05/2025,11/24/2025
OPP-01201,TechFlow Inc,MPLS,90.86,Closed Won,Closed,Jose Banales,Agent,01/25/2025,02/16/2025
OPP-01203,WavePoint,MPLS,437.59,Closed Won,Closed,Amy Rodriguez,Agent,06/16/2025,07/08/2025
OPP-01206,StarForge,Wavelengths,137.41,5 - Accepted,Closed,Amy Rodriguez,Direct,03/19/2025,04/18/2025
OPP-01211,EchoPoint,Dark Fiber,3328.25,Closed Won,Closed,Jose Banales,Channel,06/05/2025,10/28/2025
OPP-01214,SkyBridge Networks,DDoS Protection,1575.51,5 - Accepted,Closed,Jose Banales,Direct,10/23/2025,03/08/2026
OPP-01218,StarForge,Managed Services,142.22,5 - Accepted,Closed,Lisa Chen,Direct,04/19/2025,06/20/2025
OPP-01224,Acme Corp,DDoS Protection,49.12,Closed Won,Closed,Jose Banales,Agent,04/07/2024,08/21/2024
OPP-01236,SwiftNode,Managed Services,1067.48,Closed Won,Closed,Amy Rodriguez,Agent,05/17/2025,07/01/2025
OPP-01238,TerraLink,Managed Services,3419.18,5 - Accepted,Closed,Chris Weber,Channel,09/20/2024,01/27/2025
OPP-01242,HorizonIO,SD-WAN,659.81,5 - Accepted,Closed,Jessica Kim,Channel,04/19/2024,06/06/2024
OPP-01243,GoldGrid,Dark Fiber,312.24,5 - Accepted,Closed,Nicole Foster,Direct,02/04/2026,02/23/2026
OPP-01248,ByteWorks,Ethernet,379.39,Closed Won,Closed,Jose Banales,Agent,08/07/2025,01/23/2026
OPP-01257,CoreConnect,Cloud Connect,2376.69,5 - Accepted,Closed,Chris Weber,Agent,09/10/2024,11/02/2024
OPP-01262,SilverStream,IP Transit,79.32,Closed Won,Closed,Ryan O'Brien,Channel,05/19/2025,08/05/2025
OPP-01265,TechFlow Inc,Cloud Connect,74.2,5 - Accepted,Closed,Ryan O'Brien,Direct,11/25/2025,02/16/2026
OPP-01271,SwiftNode,Cloud Connect,138.17,5 - Accepted,Closed,Sarah Mitchell,Channel,02/11/2025,03/02/2025
OPP-01272,DigiPath,Dark Fiber,532.76,5 - Accepted,Closed,Amy Rodriguez,Agent,01/08/2026,03/05/2026
OPP-01281,SilverStream,SD-WAN,709.72,Closed Won,Closed,Amy Rodriguez,Direct,06/17/2025,12/03/2025
OPP-01282,Summit Cloud,DDoS Protection,95.94,Closed Won,Closed,Lisa Chen,Direct,01/17/2025,03/27/2025
OPP-01285,FiberLink,Dark Fiber,1438.44,5 - Accepted,Closed,Jose Banales,Agent,04/12/2025,09/19/2025
OPP-01286,SignalBridge,Wavelengths,892.32,5 - Accepted,Closed,Jose Banales,Channel,12/29/2024,04/29/2025
OPP-01287,TechFlow Inc,SD-WAN,46.92,Closed Won,Closed,Jose Banales,Direct,02/14/2026,03/08/2026
OPP-01288,Pinnacle IT,IP Transit,82.01,5 - Accepted,Closed,Jose Banales,Direct,07/22/2025,08/22/2025
OPP-01294,WavePoint,Managed Services,1322.42,5 - Accepted,Closed,Ryan O'Brien,Channel,03/20/2025,09/16/2025
OPP-01295,Atlas Computing,Managed Services,627.87,Closed Won,Closed,Ryan O'Brien,Agent,08/28/2024,02/05/2025
OPP-01300,FiberLink,Ethernet,3331.13,Closed Won,Closed,Jose Banales,Direct,05/25/2024,08/12/2024
OPP-01311,Cascade Networks,Cloud Connect,494.78,5 - Accepted,Closed,Ryan O'Brien,Direct,05/23/2024,06/29/2024
OPP-01312,VectorData,Cloud Connect,159.01,Closed Won,Closed,Jessica Kim,Channel,10/23/2025,12/24/2025
OPP-01317,NetScale Systems,Managed Services,1206.96,5 - Accepted,Closed,Ryan O'Brien,Direct,11/03/2024,01/24/2025
OPP-01320,IronGate Tech,MPLS,213.32,Closed Won,Closed,Jose Banales,Channel,01/12/2026,03/08/2026
OPP-01323,Apex Digital,Ethernet,429.16,5 - Accepted,Closed,Nicole Foster,Direct,12/13/2024,05/30/2025
OPP-01326,RedRock Data,Cloud Connect,441.52,5 - Accepted,Closed,Lisa Chen,Channel,11/28/2025,12/31/2025
OPP-01330,IronGate Tech,Ethernet,224.73,5 - Accepted,Closed,Jose Banales,Agent,10/29/2024,04/20/2025
OPP-01331,SilverStream,MPLS,474.29,Closed Won,Closed,David Park,Agent,10/29/2024,12/26/2024
OPP-01332,TerraLink,Ethernet,835.41,5 - Accepted,Closed,Ryan O'Brien,Agent,11/25/2024,03/24/2025
OPP-01333,ByteWorks,Ethernet,752.84,Closed Won,Closed,Jessica Kim,Agent,11/22/2025,03/15/2026
OPP-01337,TerraLink,IP Transit,194.58,5 - Accepted,Closed,Chris Weber,Direct,11/09/2024,03/01/2025
OPP-01342,PulseNet,Ethernet,722.39,Closed Won,Closed,Chris Weber,Channel,09/14/2024,12/11/2024
OPP-01344,PulseNet,Colocation,414.82,Closed Won,Closed,Sarah Mitchell,Channel,08/16/2025,09/14/2025
OPP-01347,Cascade Networks,Managed Services,188.25,5 - Accepted,Closed,Chris Weber,Agent,05/06/2025,07/24/2025
OPP-01349,DigiPath,MPLS,363.09,5 - Accepted,Closed,Chris Weber,Channel,10/24/2024,02/27/2025
OPP-01351,Atlas Computing,Managed Services,218.44,Closed Won,Closed,Amy Rodriguez,Direct,01/02/2026,02/11/2026
OPP-01352,FlexNet Solutions,Cloud Connect,117.91,5 - Accepted,Closed,Jose Banales,Channel,08/24/2025,01/27/2026
OPP-01353,Pinnacle IT,Dark Fiber,1270.71,Closed Won,Closed,Jessica Kim,Direct,05/18/2024,06/08/2024
OPP-01354,Summit Cloud,Ethernet,252.67,5 - Accepted,Closed,Ryan O'Brien,Channel,03/29/2025,04/26/2025
OPP-01365,RedRock Data,Managed Services,130.48,Closed Won,Closed,Chris Weber,Agent,09/02/2024,12/12/2024
OPP-01366,SignalBridge,MPLS,114.36,Closed Won,Closed,Amy Rodriguez,Agent,06/20/2024,12/17/2024
OPP-01367,WavePoint,Dark Fiber,1384.14,5 - Accepted,Closed,Jose Banales,Channel,06/15/2024,07/10/2024
OPP-01375,DataSync Labs,Cloud Connect,119.98,Closed Won,Closed,Mark Thompson,Channel,07/05/2025,10/29/2025
OPP-01380,StarForge,SD-WAN,293.66,5 - Accepted,Closed,Ryan O'Brien,Channel,12/01/2025,03/10/2026
OPP-01382,Zenith Systems,SD-WAN,1546.01,5 - Accepted,Closed,Jose Banales,Agent,09/28/2025,01/27/2026
OPP-01384,TerraLink,Colocation,94.33,5 - Accepted,Closed,Amy Rodriguez,Direct,02/03/2026,03/04/2026
OPP-01385,SignalBridge,DDoS Protection,171.25,5 - Accepted,Closed,Lisa Chen,Agent,09/30/2025,03/15/2026
OPP-01388,OmniConnect,Wavelengths,140.23,5 - Accepted,Closed,Amy Rodriguez,Direct,09/03/2025,02/01/2026
OPP-01389,GridForce,Managed Services,75.66,5 - Accepted,Closed,Amy Rodriguez,Direct,05/04/2025,07/12/2025
OPP-01391,Apex Digital,Cloud Connect,271.29,5 - Accepted,Closed,Lisa Chen,Direct,03/25/2024,06/28/2024
OPP-01395,BluePeak,Wavelengths,331.34,5 - Accepted,Closed,Ryan O'Brien,Channel,01/03/2025,04/11/2025
OPP-01403,TerraLink,Ethernet,1322.19,5 - Accepted,Closed,Ryan O'Brien,Channel,11/28/2024,05/19/2025
OPP-01410,DigiPath,SD-WAN,319.85,Closed Won,Closed,Mark Thompson,Channel,05/23/2024,11/04/2024
OPP-01411,Atlas Computing,Cloud Connect,161.97,5 - Accepted,Closed,David Park,Agent,06/09/2025,07/28/2025
OPP-01415,Acme Corp,Managed Services,29.33,5 - Accepted,Closed,Lisa Chen,Direct,11/08/2025,01/13/2026
OPP-01416,Zenith Systems,MPLS,1325.72,Closed Won,Closed,Nicole Foster,Agent,02/25/2025,06/11/2025
OPP-01417,Pinnacle IT,Ethernet,623.61,Closed Won,Closed,Ryan O'Brien,Channel,08/05/2024,10/18/2024
OPP-01423,Titanium Labs,Dark Fiber,731.47,Closed Won,Closed,David Park,Direct,10/18/2024,12/22/2024
OPP-01431,EchoPoint,Colocation,270.37,5 - Accepted,Closed,Sarah Mitchell,Channel,09/16/2024,10/12/2024
OPP-01434,Acme Corp,Dark Fiber,139.59,Closed Won,Closed,Jose Banales,Agent,06/26/2024,10/31/2024
OPP-01439,PrimeRoute,Colocation,150.16,5 - Accepted,Closed,Mark Thompson,Channel,11/06/2024,02/11/2025
OPP-01444,TerraLink,Ethernet,610.85,Closed Won,Closed,Ryan O'Brien,Agent,05/01/2025,10/21/2025
OPP-01446,CoreConnect,Cloud Connect,1028.53,5 - Accepted,Closed,Ryan O'Brien,Channel,12/24/2025,03/12/2026
OPP-01453,CopperLine,Wavelengths,330.6,5 - Accepted,Closed,Lisa Chen,Channel,06/04/2024,07/10/2024
OPP-01455,Cascade Networks,Dark Fiber,526.55,Closed Won,Closed,Jose Banales,Direct,05/16/2025,06/28/2025
OPP-01460,LinkStream,MPLS,225.15,5 - Accepted,Closed,Nicole Foster,Agent,06/20/2024,09/08/2024
OPP-01478,NetScale Systems,Ethernet,6946.22,Closed Won,Closed,Jose Banales,Agent,02/02/2025,07/13/2025
OPP-01480,PrimeRoute,Dark Fiber,820.8,Closed Won,Closed,Jose Banales,Direct,11/22/2025,03/17/2026
OPP-01482,ClearPath,Dark Fiber,39.04,5 - Accepted,Closed,Jose Banales,Direct,05/31/2024,09/05/2024
OPP-01486,SilverStream,IP Transit,5778.95,5 - Accepted,Closed,Amy Rodriguez,Direct,04/15/2025,05/12/2025
OPP-01504,NexGen Telecom,Colocation,48.97,Closed Won,Closed,Chris Weber,Channel,12/06/2025,01/06/2026
OPP-01508,Titanium Labs,Dark Fiber,964.66,Closed Won,Closed,Jose Banales,Agent,04/05/2025,06/27/2025
OPP-01509,VectorData,IP Transit,78.45,Closed Won,Closed,Ryan O'Brien,Channel,01/13/2025,03/16/2025
OPP-01510,NexGen Telecom,IP Transit,967.04,5 - Accepted,Closed,Ryan O'Brien,Agent,10/03/2024,03/06/2025
OPP-01511,Titanium Labs,Wavelengths,26.97,5 - Accepted,Closed,Amy Rodriguez,Channel,07/25/2025,09/23/2025
OPP-01522,PrimeRoute,SD-WAN,117.51,5 - Accepted,Closed,Mark Thompson,Direct,11/10/2025,03/13/2026
OPP-01523,SkyBridge Networks,Cloud Connect,323.22,Closed Won,Closed,Nicole Foster,Channel,08/04/2024,08/20/2024
OPP-01524,DataSync Labs,Dark Fiber,127.5,Closed Won,Closed,Mark Thompson,Channel,01/05/2026,02/18/2026
OPP-01525,Apex Digital,Cloud Connect,455.93,Closed Won,Closed,Sarah Mitchell,Direct,05/27/2025,10/31/2025
OPP-01535,CopperLine,IP Transit,2436.37,Closed Won,Closed,Jose Banales,Channel,11/07/2025,12/11/2025
OPP-01538,ByteWorks,IP Transit,208.65,5 - Accepted,Closed,Chris Weber,Channel,08/10/2025,01/28/2026
OPP-01543,OmniConnect,Ethernet,166.19,5 - Accepted,Closed,Amy Rodriguez,Agent,06/09/2024,11/17/2024
OPP-01547,CloudFirst,IP Transit,190.92,5 - Accepted,Closed,Mark Thompson,Direct,08/07/2024,09/04/2024
OPP-01548,DigiPath,MPLS,517.95,Closed Won,Closed,Sarah Mitchell,Direct,08/04/2024,11/14/2024
OPP-01551,Cascade Networks,IP Transit,146.97,Closed Won,Closed,Amy Rodriguez,Direct,07/27/2024,08/15/2024
OPP-01554,DigiPath,IP Transit,460.91,5 - Accepted,Closed,David Park,Direct,07/29/2024,10/06/2024
OPP-01557,IronGate Tech,DDoS Protection,1293.77,5 - Accepted,Closed,Nicole Foster,Direct,07/05/2024,10/15/2024
OPP-01564,WavePoint,MPLS,367.41,Closed Won,Closed,Jose Banales,Agent,04/30/2024,08/27/2024
OPP-01565,SwiftNode,Wavelengths,2538.85,Closed Won,Closed,Lisa Chen,Direct,10/08/2024,02/02/2025
OPP-01566,PulseNet,Wavelengths,463.25,5 - Accepted,Closed,Lisa Chen,Direct,03/16/2025,07/23/2025
OPP-01567,IronGate Tech,DDoS Protection,6655.84,Closed Won,Closed,Nicole Foster,Channel,11/29/2025,03/12/2026
OPP-01568,SwiftNode,SD-WAN,583.31,5 - Accepted,Closed,Chris Weber,Channel,08/06/2024,12/20/2024
OPP-01569,TechFlow Inc,Dark Fiber,96.78,5 - Accepted,Closed,Jose Banales,Channel,07/28/2025,12/09/2025
OPP-01574,BluePeak,DDoS Protection,375.45,Closed Won,Closed,Sarah Mitchell,Direct,11/27/2024,02/09/2025
OPP-01577,SignalBridge,Wavelengths,891.71,Closed Won,Closed,Sarah Mitchell,Channel,12/08/2024,01/16/2025
OPP-01597,Atlas Computing,Colocation,9127.69,5 - Accepted,Closed,Mark Thompson,Direct,12/19/2025,03/09/2026
OPP-01601,DataSync Labs,Cloud Connect,100.41,Closed Won,Closed,Sarah Mitchell,Direct,10/07/2025,01/31/2026
OPP-01603,SilverStream,Dark Fiber,993.45,5 - Accepted,Closed,Chris Weber,Channel,11/02/2025,01/20/2026
OPP-01605,BluePeak,Dark Fiber,23.84,5 - Accepted,Closed,Amy Rodriguez,Channel,08/01/2025,12/07/2025
OPP-01609,IronGate Tech,IP Transit,116.03,5 - Accepted,Closed,Mark Thompson,Direct,01/19/2026,03/08/2026
OPP-01610,Zenith Systems,IP Transit,40.98,Closed Won,Closed,Amy Rodriguez,Agent,06/28/2024,08/05/2024
OPP-01614,WavePoint,Wavelengths,228.11,5 - Accepted,Closed,Mark Thompson,Direct,11/10/2025,03/03/2026
OPP-01620,TechFlow Inc,Ethernet,1431.91,Closed Won,Closed,Ryan O'Brien,Agent,03/30/2024,08/30/2024
OPP-01627,Cascade Networks,Colocation,354.23,5 - Accepted,Closed,Mark Thompson,Agent,07/21/2025,08/31/2025
OPP-01628,PrimeRoute,Managed Services,3950.83,Closed Won,Closed,Mark Thompson,Channel,12/01/2024,01/29/2025
OPP-01632,TechFlow Inc,Wavelengths,2242.69,Closed Won,Closed,Ryan O'Brien,Channel,12/24/2025,02/24/2026
OPP-01633,StarForge,Managed Services,142.92,5 - Accepted,Closed,Chris Weber,Direct,06/21/2024,09/17/2024
OPP-01635,PrimeRoute,DDoS Protection,2524.2,5 - Accepted,Closed,Ryan O'Brien,Agent,02/08/2026,03/16/2026
OPP-01639,ByteWorks,SD-WAN,1160.99,5 - Accepted,Closed,Jose Banales,Channel,09/04/2025,02/23/2026
OPP-01641,Zenith Systems,IP Transit,485.91,Closed Won,Closed,Chris Weber,Agent,09/01/2025,02/25/2026
OPP-01647,RedRock Data,SD-WAN,127.07,Closed Won,Closed,Chris Weber,Agent,11/14/2025,03/12/2026
OPP-01654,SkyBridge Networks,Dark Fiber,55.93,Closed Won,Closed,Jessica Kim,Direct,03/19/2024,09/06/2024
OPP-01655,PulseNet,Managed Services,1529.78,Closed Won,Closed,Sarah Mitchell,Agent,10/22/2025,12/10/2025
OPP-01656,GridForce,Dark Fiber,283.29,5 - Accepted,Closed,Jose Banales,Channel,01/16/2026,02/22/2026
OPP-01664,PrimeRoute,Dark Fiber,253.76,Closed Won,Closed,Chris Weber,Channel,10/14/2024,03/22/2025
OPP-01665,PulseNet,Dark Fiber,81.75,5 - Accepted,Closed,Nicole Foster,Direct,01/28/2025,02/19/2025
OPP-01673,LinkStream,MPLS,1575.66,Closed Won,Closed,Sarah Mitchell,Direct,08/18/2025,02/05/2026
OPP-01676,BluePeak,Managed Services,448.34,5 - Accepted,Closed,Nicole Foster,Agent,04/18/2025,08/23/2025
OPP-01681,WavePoint,Ethernet,245.1,Closed Won,Closed,Lisa Chen,Channel,03/17/2025,06/02/2025
OPP-01682,Acme Corp,Colocation,262.58,Closed Won,Closed,Ryan O'Brien,Channel,08/04/2024,01/23/2025
OPP-01684,SignalBridge,MPLS,1377.7,Closed Won,Closed,Nicole Foster,Channel,02/03/2026,02/20/2026
OPP-01685,Acme Corp,IP Transit,348.63,5 - Accepted,Closed,Jessica Kim,Channel,04/12/2024,09/26/2024
OPP-01686,CoreConnect,Dark Fiber,41.4,Closed Won,Closed,Jessica Kim,Direct,03/24/2024,05/24/2024
OPP-01689,LinkStream,Colocation,525.73,5 - Accepted,Closed,Amy Rodriguez,Channel,07/12/2025,09/07/2025
OPP-01690,FiberLink,DDoS Protection,2095.55,5 - Accepted,Closed,Ryan O'Brien,Agent,11/26/2025,02/04/2026
OPP-01695,Acme Corp,IP Transit,207.31,Closed Won,Closed,Jose Banales,Agent,06/10/2025,10/30/2025
OPP-01696,OmniConnect,IP Transit,408.22,Closed Won,Closed,Sarah Mitchell,Direct,05/05/2024,09/01/2024
OPP-01703,Zenith Systems,IP Transit,46.49,5 - Accepted,Closed,Sarah Mitchell,Agent,12/03/2024,03/04/2025
OPP-01708,GoldGrid,DDoS Protection,860.98,Closed Won,Closed,Mark Thompson,Agent,04/11/2025,07/02/2025
OPP-01710,CloudFirst,Cloud Connect,615.82,Closed Won,Closed,Ryan O'Brien,Direct,03/27/2025,08/24/2025
OPP-01714,NetScale Systems,DDoS Protection,226.69,5 - Accepted,Closed,Lisa Chen,Channel,03/26/2024,09/03/2024
OPP-01715,ClearPath,MPLS,540.12,5 - Accepted,Closed,David Park,Agent,04/02/2025,09/11/2025
OPP-01725,TechFlow Inc,IP Transit,121.17,5 - Accepted,Closed,Jessica Kim,Agent,10/03/2024,11/17/2024
OPP-01727,Quantum Networks,Managed Services,280.76,5 - Accepted,Closed,Mark Thompson,Direct,04/22/2025,06/21/2025
OPP-01733,FiberLink,Dark Fiber,2518.24,Closed Won,Closed,Jessica Kim,Direct,10/12/2025,03/12/2026
OPP-01738,PrimeRoute,DDoS Protection,633.54,5 - Accepted,Closed,Jessica Kim,Channel,10/11/2025,01/12/2026
OPP-01742,NetScale Systems,MPLS,518.78,Closed Won,Closed,Amy Rodriguez,Channel,10/20/2024,04/04/2025
OPP-01743,Apex Digital,Managed Services,399.73,5 - Accepted,Closed,Ryan O'Brien,Channel,01/24/2026,03/02/2026
OPP-01746,Quantum Networks,MPLS,356.59,Closed Won,Closed,Mark Thompson,Direct,10/29/2025,02/28/2026
OPP-01751,HorizonIO,MPLS,328.08,Closed Won,Closed,Jessica Kim,Agent,03/08/2025,07/10/2025
OPP-01752,DataSync Labs,SD-WAN,874.33,5 - Accepted,Closed,Amy Rodriguez,Direct,04/25/2024,10/07/2024
OPP-01754,TerraLink,Ethernet,698.78,5 - Accepted,Closed,Amy Rodriguez,Direct,03/11/2025,04/23/2025
OPP-01755,SignalBridge,Colocation,223.09,5 - Accepted,Closed,Mark Thompson,Channel,02/02/2025,07/24/2025
OPP-01759,CopperLine,Managed Services,144.68,5 - Accepted,Closed,David Park,Direct,02/08/2026,03/12/2026
OPP-01760,WavePoint,Ethernet,726.97,5 - Accepted,Closed,Jose Banales,Agent,10/28/2025,02/25/2026
OPP-01761,Cascade Networks,MPLS,358.02,Closed Won,Closed,David Park,Direct,09/11/2024,10/25/2024
OPP-01764,WavePoint,MPLS,229.12,5 - Accepted,Closed,Lisa Chen,Agent,03/17/2025,08/14/2025
OPP-01766,Titanium Labs,MPLS,49.24,5 - Accepted,Closed,Lisa Chen,Direct,04/28/2025,08/20/2025
OPP-01769,VectorData,DDoS Protection,858.07,5 - Accepted,Closed,Lisa Chen,Agent,02/06/2026,02/20/2026
OPP-01771,Quantum Networks,Managed Services,30.88,Closed Won,Closed,Jessica Kim,Channel,05/16/2024,07/09/2024
OPP-01773,SignalBridge,Ethernet,177.71,Closed Won,Closed,Lisa Chen,Direct,07/06/2024,09/14/2024
OPP-01774,LinkStream,Dark Fiber,255.46,5 - Accepted,Closed,Lisa Chen,Direct,07/21/2024,11/22/2024
OPP-01794,SkyBridge Networks,MPLS,818.47,5 - Accepted,Closed,Mark Thompson,Direct,08/20/2024,02/02/2025
OPP-01795,Apex Digital,Cloud Connect,579.72,Closed Won,Closed,Nicole Foster,Channel,12/15/2025,03/15/2026
OPP-01800,StarForge,Colocation,3385.81,Closed Won,Closed,Jose Banales,Channel,04/30/2024,08/22/2024
OPP-01803,GoldGrid,IP Transit,263.1,Closed Won,Closed,Chris Weber,Direct,01/03/2025,02/28/2025
OPP-01806,Summit Cloud,Ethernet,342.58,5 - Accepted,Closed,Sarah Mitchell,Agent,09/06/2024,09/21/2024
OPP-01821,CopperLine,SD-WAN,537.92,Closed Won,Closed,Sarah Mitchell,Channel,11/17/2025,03/08/2026
OPP-01823,Summit Cloud,SD-WAN,448.37,5 - Accepted,Closed,Sarah Mitchell,Channel,10/15/2024,02/09/2025
OPP-01826,SignalBridge,DDoS Protection,23.62,Closed Won,Closed,Mark Thompson,Channel,03/20/2025,08/15/2025
OPP-01835,IronGate Tech,IP Transit,80.98,Closed Won,Closed,Mark Thompson,Direct,01/22/2026,03/03/2026
OPP-01836,TechFlow Inc,SD-WAN,709.09,5 - Accepted,Closed,Jessica Kim,Channel,11/19/2025,01/30/2026
OPP-01838,CoreConnect,SD-WAN,157.57,Closed Won,Closed,Amy Rodriguez,Agent,06/19/2024,07/21/2024
OPP-01840,StarForge,Cloud Connect,407.28,5 - Accepted,Closed,Amy Rodriguez,Agent,12/07/2025,01/12/2026
OPP-01844,ByteWorks,Managed Services,111.66,Closed Won,Closed,Ryan O'Brien,Agent,05/27/2024,08/01/2024
OPP-01845,NexGen Telecom,Colocation,451.43,5 - Accepted,Closed,Nicole Foster,Direct,10/09/2025,11/10/2025
OPP-01846,OmniConnect,IP Transit,51.38,5 - Accepted,Closed,Jessica Kim,Agent,02/01/2025,04/03/2025
OPP-01849,Pinnacle IT,Managed Services,852.15,Closed Won,Closed,Chris Weber,Direct,11/27/2025,03/09/2026
OPP-01866,LinkStream,Cloud Connect,16857.77,5 - Accepted,Closed,Lisa Chen,Agent,06/01/2025,07/09/2025
OPP-01868,PulseNet,Cloud Connect,3095.01,5 - Accepted,Closed,Amy Rodriguez,Direct,11/18/2024,04/02/2025
OPP-01870,FlexNet Solutions,IP Transit,3160.1,Closed Won,Closed,Ryan O'Brien,Direct,06/04/2024,06/27/2024
OPP-01874,BluePeak,MPLS,479.84,Closed Won,Closed,Jose Banales,Channel,09/18/2025,12/13/2025
OPP-01878,OmniConnect,Colocation,219.36,5 - Accepted,Closed,Lisa Chen,Agent,06/22/2024,09/04/2024
OPP-01886,FiberLink,DDoS Protection,297.54,5 - Accepted,Closed,Lisa Chen,Direct,05/14/2024,07/06/2024
OPP-01888,SkyBridge Networks,Ethernet,375.21,5 - Accepted,Closed,Chris Weber,Agent,05/18/2024,06/26/2024
OPP-01895,PulseNet,DDoS Protection,247.39,5 - Accepted,Closed,Nicole Foster,Direct,07/29/2024,12/11/2024
OPP-01897,DataSync Labs,IP Transit,122.86,Closed Won,Closed,Sarah Mitchell,Direct,05/06/2025,08/02/2025
OPP-01898,SilverStream,Colocation,96.36,5 - Accepted,Closed,Chris Weber,Channel,05/17/2024,06/03/2024
OPP-01899,Summit Cloud,Colocation,278.51,Closed Won,Closed,David Park,Channel,06/16/2024,11/22/2024
OPP-01902,PrimeRoute,Managed Services,209.09,5 - Accepted,Closed,Jose Banales,Agent,08/16/2024,09/02/2024
OPP-01904,Acme Corp,Ethernet,194.32,5 - Accepted,Closed,Lisa Chen,Direct,05/04/2025,09/12/2025
OPP-01911,LinkStream,Cloud Connect,220.34,5 - Accepted,Closed,Lisa Chen,Channel,11/19/2025,02/06/2026
OPP-01912,FlexNet Solutions,MPLS,63.26,Closed Won,Closed,David Park,Channel,12/16/2024,06/13/2025
OPP-01918,CloudFirst,Managed Services,526.01,5 - Accepted,Closed,Nicole Foster,Direct,06/30/2025,08/06/2025
OPP-01920,VectorData,Colocation,18.82,5 - Accepted,Closed,Amy Rodriguez,Direct,12/07/2024,03/11/2025
OPP-01921,TerraLink,Dark Fiber,325.86,5 - Accepted,Closed,David Park,Agent,12/27/2025,03/05/2026
OPP-01922,TechFlow Inc,Wavelengths,3788.77,5 - Accepted,Closed,Nicole Foster,Direct,10/13/2024,01/15/2025
OPP-01936,GoldGrid,MPLS,380.45,Closed Won,Closed,Jose Banales,Direct,07/05/2024,11/24/2024
OPP-01937,FiberLink,MPLS,1029.09,Closed Won,Closed,Jessica Kim,Agent,03/16/2025,09/04/2025
OPP-01938,CloudFirst,Colocation,1081.16,5 - Accepted,Closed,David Park,Direct,03/26/2025,04/12/2025
OPP-01939,DigiPath,Wavelengths,2889.64,Closed Won,Closed,Lisa Chen,Channel,02/08/2026,03/01/2026
OPP-01940,Acme Corp,Managed Services,120.24,Closed Won,Closed,Mark Thompson,Channel,07/04/2024,11/05/2024
OPP-01944,VectorData,SD-WAN,319.29,Closed Won,Closed,Lisa Chen,Direct,04/15/2025,10/01/2025
OPP-01947,NetScale Systems,Dark Fiber,1052.24,5 - Accepted,Closed,Jessica Kim,Direct,10/20/2024,12/02/2024
OPP-01953,SkyBridge Networks,MPLS,513.76,Closed Won,Closed,Jessica Kim,Agent,04/14/2025,05/03/2025
OPP-01958,Atlas Computing,IP Transit,1012.14,5 - Accepted,Closed,Chris Weber,Direct,09/09/2025,01/05/2026
OPP-01959,WavePoint,Managed Services,335.34,Closed Won,Closed,Mark Thompson,Agent,08/04/2024,08/21/2024
OPP-01960,SwiftNode,DDoS Protection,1276.72,Closed Won,Closed,Lisa Chen,Direct,09/30/2025,01/25/2026
OPP-01964,Titanium Labs,DDoS Protection,925.3,5 - Accepted,Closed,Sarah Mitchell,Channel,02/14/2026,03/04/2026
OPP-01966,TechFlow Inc,Ethernet,42.94,Closed Won,Closed,Ryan O'Brien,Channel,09/13/2024,03/11/2025
OPP-01969,PrimeRoute,Colocation,991.29,Closed Won,Closed,Chris Weber,Agent,09/25/2024,10/17/2024
OPP-01979,Acme Corp,Colocation,660.69,5 - Accepted,Closed,Ryan O'Brien,Channel,09/09/2024,02/23/2025
OPP-01984,GridForce,IP Transit,213.78,5 - Accepted,Closed,David Park,Direct,12/18/2024,03/12/2025
OPP-01985,Quantum Networks,IP Transit,18.76,5 - Accepted,Closed,Nicole Foster,Direct,11/23/2025,03/13/2026
OPP-01988,GoldGrid,Wavelengths,108.59,Closed Won,Closed,Nicole Foster,Direct,05/02/2025,06/18/2025
OPP-01994,VectorData,IP Transit,910.13,5 - Accepted,Closed,Mark Thompson,Direct,09/21/2025,11/03/2025
OPP-01997,SignalBridge,Cloud Connect,202.33,5 - Accepted,Closed,Jessica Kim,Agent,03/20/2025,08/16/2025
OPP-01999,PulseNet,Dark Fiber,9.72,Closed Won,Closed,Ryan O'Brien,Channel,12/30/2025,02/22/2026
OPP-02000,SkyBridge Networks,Wavelengths,149.53,Closed Won,Closed,Nicole Foster,Channel,01/26/2026,03/05/2026
OPP-02001,SignalBridge,SD-WAN,3697.08,5 - Accepted,Closed,Jessica Kim,Direct,06/18/2024,08/15/2024
OPP-02003,SignalBridge,Managed Services,540.05,5 - Accepted,Closed,Jose Banales,Direct,09/23/2024,10/25/2024
OPP-02007,CloudFirst,Managed Services,205.04,5 - Accepted,Closed,Chris Weber,Direct,12/20/2024,04/22/2025
OPP-02008,Quantum Networks,Managed Services,140.67,Closed Won,Closed,Chris Weber,Agent,03/30/2024,09/25/2024
OPP-02009,GoldGrid,SD-WAN,294.31,Closed Won,Closed,David Park,Agent,01/06/2025,02/19/2025
OPP-02013,PulseNet,Dark Fiber,739.55,5 - Accepted,Closed,Mark Thompson,Channel,08/08/2025,10/05/2025
OPP-02016,Titanium Labs,Dark Fiber,777.69,5 - Accepted,Closed,David Park,Agent,01/15/2026,02/02/2026
OPP-02017,Acme Corp,MPLS,206.91,5 - Accepted,Closed,Amy Rodriguez,Direct,09/12/2024,10/20/2024
OPP-02032,RedRock Data,Wavelengths,838.88,Closed Won,Closed,Ryan O'Brien,Direct,06/18/2024,10/28/2024
OPP-02037,WavePoint,Wavelengths,277.15,Closed Won,Closed,Jessica Kim,Agent,01/03/2026,02/24/2026
OPP-02042,Atlas Computing,SD-WAN,309.1,Closed Won,Closed,Sarah Mitchell,Direct,07/14/2025,11/09/2025
OPP-02043,Zenith Systems,IP Transit,219.64,Closed Won,Closed,Jose Banales,Agent,05/15/2024,11/08/2024
OPP-02051,GoldGrid,Colocation,527.11,5 - Accepted,Closed,Chris Weber,Channel,01/29/2026,03/13/2026
OPP-02052,CloudFirst,SD-WAN,468.94,5 - Accepted,Closed,Mark Thompson,Agent,04/15/2025,08/14/2025
OPP-02053,Zenith Systems,Wavelengths,591.66,5 - Accepted,Closed,Jessica Kim,Agent,11/25/2025,03/10/2026
OPP-02066,NetScale Systems,Managed Services,162.93,Closed Won,Closed,Amy Rodriguez,Direct,11/05/2025,02/22/2026
OPP-02067,NetScale Systems,MPLS,37.33,Closed Won,Closed,Lisa Chen,Agent,01/12/2025,04/16/2025
OPP-02070,DataSync Labs,Colocation,2542.55,Closed Won,Closed,Amy Rodriguez,Direct,06/06/2024,08/28/2024
OPP-02073,Zenith Systems,Dark Fiber,776.96,Closed Won,Closed,Jessica Kim,Channel,01/31/2025,03/17/2025
OPP-02076,TechFlow Inc,Managed Services,564.57,Closed Won,Closed,Ryan O'Brien,Agent,04/13/2025,07/09/2025
OPP-02081,PrimeRoute,Colocation,84.79,5 - Accepted,Closed,Amy Rodriguez,Agent,07/10/2024,12/24/2024
OPP-02086,Titanium Labs,DDoS Protection,61.2,5 - Accepted,Closed,Jose Banales,Channel,04/03/2024,05/21/2024
OPP-02091,DataSync Labs,Dark Fiber,75.2,5 - Accepted,Closed,Nicole Foster,Agent,08/04/2025,11/02/2025
OPP-02092,Apex Digital,SD-WAN,149.17,5 - Accepted,Closed,David Park,Agent,11/27/2025,02/22/2026
OPP-02096,FiberLink,DDoS Protection,18.62,Closed Won,Closed,Mark Thompson,Channel,08/22/2024,12/22/2024
OPP-02099,OmniConnect,Colocation,241.08,5 - Accepted,Closed,Jessica Kim,Agent,11/12/2025,02/18/2026
OPP-02100,HorizonIO,Managed Services,856.04,5 - Accepted,Closed,Nicole Foster,Channel,06/25/2024,09/29/2024
OPP-02107,TerraLink,MPLS,3938.69,5 - Accepted,Closed,Nicole Foster,Agent,08/28/2024,11/08/2024
OPP-02113,WavePoint,IP Transit,211.7,Closed Won,Closed,Jessica Kim,Channel,04/21/2024,08/15/2024
OPP-02120,NetScale Systems,SD-WAN,89.45,5 - Accepted,Closed,Nicole Foster,Agent,01/24/2026,03/13/2026
OPP-02122,FiberLink,Cloud Connect,122.79,5 - Accepted,Closed,Nicole Foster,Channel,09/01/2024,10/21/2024
OPP-02126,GridForce,SD-WAN,163.18,5 - Accepted,Closed,Nicole Foster,Agent,02/13/2025,07/09/2025
OPP-02129,Acme Corp,Wavelengths,764.64,5 - Accepted,Closed,Chris Weber,Channel,12/27/2024,04/05/2025
OPP-02132,TerraLink,Cloud Connect,1103.12,5 - Accepted,Closed,David Park,Channel,08/24/2025,02/05/2026
OPP-02135,DataSync Labs,MPLS,1779.42,5 - Accepted,Closed,David Park,Channel,09/22/2025,03/12/2026
OPP-02138,PrimeRoute,Wavelengths,359.75,Closed Won,Closed,Lisa Chen,Channel,04/08/2025,08/26/2025
OPP-02153,OmniConnect,MPLS,1715.26,5 - Accepted,Closed,Sarah Mitchell,Channel,09/05/2024,01/01/2025
OPP-02154,StarForge,Ethernet,585.66,Closed Won,Closed,Ryan O'Brien,Channel,04/04/2024,08/19/2024
OPP-02160,RedRock Data,Managed Services,118.25,Closed Won,Closed,Lisa Chen,Agent,12/25/2025,01/19/2026
OPP-02161,Apex Digital,Managed Services,852.14,5 - Accepted,Closed,Jose Banales,Channel,10/31/2024,03/27/2025
OPP-02163,Apex Digital,Dark Fiber,622.52,5 - Accepted,Closed,Lisa Chen,Channel,09/15/2025,03/03/2026
OPP-02165,HorizonIO,SD-WAN,501.24,5 - Accepted,Closed,Amy Rodriguez,Channel,11/10/2024,03/13/2025
OPP-02169,SkyBridge Networks,SD-WAN,6429.76,5 - Accepted,Closed,Mark Thompson,Direct,05/27/2024,10/29/2024
OPP-02172,RedRock Data,SD-WAN,97.96,5 - Accepted,Closed,Nicole Foster,Direct,06/22/2024,10/18/2024
OPP-02179,FiberLink,Managed Services,186.25,5 - Accepted,Closed,Jessica Kim,Agent,12/23/2024,03/23/2025
OPP-02181,HorizonIO,IP Transit,929.74,5 - Accepted,Closed,Chris Weber,Direct,05/25/2024,11/01/2024
OPP-02183,SwiftNode,DDoS Protection,2718.01,Closed Won,Closed,David Park,Direct,03/20/2024,05/19/2024
OPP-02188,CoreConnect,Dark Fiber,396.93,5 - Accepted,Closed,David Park,Direct,06/23/2024,11/16/2024
OPP-02189,GridForce,Dark Fiber,208.37,5 - Accepted,Closed,Ryan O'Brien,Channel,06/20/2024,07/21/2024
OPP-02190,VectorData,Ethernet,785.29,Closed Won,Closed,Chris Weber,Channel,06/28/2025,08/06/2025
OPP-02191,DataSync Labs,MPLS,213.02,Closed Won,Closed,Chris Weber,Agent,05/11/2024,09/07/2024
OPP-02193,PulseNet,Ethernet,109.66,Closed Won,Closed,Jose Banales,Channel,02/24/2025,08/23/2025
OPP-02195,Pinnacle IT,Dark Fiber,61.16,Closed Won,Closed,Sarah Mitchell,Channel,10/14/2024,03/10/2025
OPP-02196,WavePoint,IP Transit,41.7,5 - Accepted,Closed,Mark Thompson,Direct,05/05/2024,08/23/2024
OPP-02203,ClearPath,IP Transit,53.08,Closed Won,Closed,Chris Weber,Channel,04/21/2025,06/15/2025
OPP-02209,FlexNet Solutions,DDoS Protection,330.51,Closed Won,Closed,Ryan O'Brien,Channel,09/20/2025,11/11/2025
OPP-02214,DigiPath,IP Transit,1146.08,5 - Accepted,Closed,Sarah Mitchell,Channel,09/22/2024,12/28/2024
OPP-02220,PrimeRoute,MPLS,292.69,5 - Accepted,Closed,Jose Banales,Direct,10/14/2024,01/07/2025
OPP-02222,RedRock Data,MPLS,110.69,Closed Won,Closed,Lisa Chen,Direct,11/12/2025,12/18/2025
OPP-02234,SignalBridge,Cloud Connect,81.51,Closed Won,Closed,Mark Thompson,Agent,05/23/2024,10/04/2024
OPP-02236,FlexNet Solutions,Colocation,755.12,5 - Accepted,Closed,Nicole Foster,Agent,06/23/2025,10/05/2025
OPP-02238,TerraLink,DDoS Protection,197.62,5 - Accepted,Closed,Mark Thompson,Agent,05/23/2025,07/23/2025
OPP-02240,CloudFirst,SD-WAN,318.83,5 - Accepted,Closed,Sarah Mitchell,Channel,07/09/2024,08/24/2024
OPP-02241,OmniConnect,IP Transit,473.99,Closed Won,Closed,Mark Thompson,Direct,09/17/2025,12/12/2025
OPP-02245,FlexNet Solutions,Wavelengths,424.66,5 - Accepted,Closed,Amy Rodriguez,Channel,09/22/2025,10/11/2025
OPP-02247,Summit Cloud,Wavelengths,70.58,5 - Accepted,Closed,David Park,Channel,10/07/2025,03/10/2026
OPP-02250,Zenith Systems,MPLS,1695.06,5 - Accepted,Closed,Nicole Foster,Direct,01/25/2025,02/14/2025
OPP-02253,ByteWorks,Managed Services,205.87,5 - Accepted,Closed,David Park,Channel,06/21/2024,09/01/2024
OPP-02256,PulseNet,Cloud Connect,1096.0,Closed Won,Closed,Jose Banales,Agent,01/20/2025,06/15/2025
OPP-02257,Acme Corp,Dark Fiber,803.33,Closed Won,Closed,David Park,Direct,04/29/2025,10/14/2025
OPP-02258,FiberLink,Cloud Connect,95.85,Closed Won,Closed,Ryan O'Brien,Channel,10/15/2025,02/03/2026
OPP-02259,Acme Corp,IP Transit,206.48,Closed Won,Closed,David Park,Direct,02/27/2025,08/14/2025
OPP-02264,CoreConnect,Cloud Connect,403.56,Closed Won,Closed,Jose Banales,Direct,03/19/2025,04/04/2025
OPP-02270,TerraLink,SD-WAN,779.98,Closed Won,Closed,Jessica Kim,Agent,01/14/2025,04/29/2025
OPP-02274,Pinnacle IT,DDoS Protection,120.99,5 - Accepted,Closed,Lisa Chen,Channel,08/24/2024,09/26/2024
OPP-02276,WavePoint,MPLS,349.28,Closed Won,Closed,David Park,Direct,11/24/2024,05/03/2025
OPP-02280,OmniConnect,IP Transit,1355.12,Closed Won,Closed,Chris Weber,Channel,08/12/2024,12/29/2024
OPP-02282,TerraLink,MPLS,501.33,5 - Accepted,Closed,Jessica Kim,Channel,12/28/2024,06/08/2025
OPP-02285,SwiftNode,DDoS Protection,1185.39,5 - Accepted,Closed,Jessica Kim,Direct,11/06/2025,01/15/2026
OPP-02286,VectorData,SD-WAN,3681.53,5 - Accepted,Closed,Mark Thompson,Direct,03/22/2024,05/23/2024
OPP-02292,TechFlow Inc,Dark Fiber,7178.01,5 - Accepted,Closed,Ryan O'Brien,Channel,09/25/2025,12/01/2025
OPP-02298,NetScale Systems,Dark Fiber,249.06,5 - Accepted,Closed,David Park,Direct,06/03/2024,08/11/2024
OPP-02304,CopperLine,Colocation,1243.6,5 - Accepted,Closed,Lisa Chen,Agent,09/18/2025,11/25/2025
OPP-02313,TerraLink,Ethernet,141.3,Closed Won,Closed,Jose Banales,Agent,01/09/2025,05/29/2025
OPP-02317,TechFlow Inc,Dark Fiber,170.6,5 - Accepted,Closed,Nicole Foster,Agent,10/04/2024,02/13/2025
OPP-02319,SkyBridge Networks,SD-WAN,80.57,Closed Won,Closed,Jessica Kim,Agent,11/08/2025,12/22/2025
OPP-02321,CoreConnect,DDoS Protection,1765.64,5 - Accepted,Closed,Amy Rodriguez,Agent,10/12/2024,12/22/2024
OPP-02323,Titanium Labs,DDoS Protection,291.85,Closed Won,Closed,Jessica Kim,Agent,11/18/2024,01/11/2025
OPP-02329,Quantum Networks,Dark Fiber,81.03,Closed Won,Closed,Jose Banales,Agent,07/12/2024,07/27/2024
OPP-02339,Atlas Computing,DDoS Protection,203.74,5 - Accepted,Closed,Mark Thompson,Agent,08/27/2025,09/13/2025
OPP-02342,GoldGrid,Managed Services,313.26,5 - Accepted,Closed,Jessica Kim,Channel,09/26/2024,03/02/2025
OPP-02343,SkyBridge Networks,Colocation,101.36,5 - Accepted,Closed,Jose Banales,Channel,04/18/2025,07/26/2025
OPP-02347,Atlas Computing,Dark Fiber,1308.08,Closed Won,Closed,Lisa Chen,Agent,03/31/2024,05/01/2024
OPP-02349,PulseNet,IP Transit,533.91,Closed Won,Closed,Lisa Chen,Direct,09/06/2024,10/01/2024
OPP-02356,Zenith Systems,SD-WAN,358.55,5 - Accepted,Closed,Ryan O'Brien,Channel,03/22/2024,08/14/2024
OPP-02359,SilverStream,IP Transit,525.88,Closed Won,Closed,Ryan O'Brien,Channel,05/03/2024,09/14/2024
OPP-02361,Acme Corp,Ethernet,33.2,5 - Accepted,Closed,Ryan O'Brien,Direct,03/22/2024,06/21/2024
OPP-02362,ClearPath,Dark Fiber,1012.46,Closed Won,Closed,Mark Thompson,Agent,07/06/2025,12/20/2025
OPP-02365,WavePoint,Colocation,280.92,5 - Accepted,Closed,Chris Weber,Agent,10/01/2024,03/06/2025
OPP-02370,VectorData,Wavelengths,448.62,Closed Won,Closed,Mark Thompson,Channel,06/13/2025,10/06/2025
OPP-02374,PrimeRoute,Ethernet,243.3,5 - Accepted,Closed,Ryan O'Brien,Agent,08/13/2024,11/30/2024
OPP-02376,NexGen Telecom,SD-WAN,338.7,5 - Accepted,Closed,Mark Thompson,Channel,05/22/2024,07/04/2024
OPP-02379,Pinnacle IT,Wavelengths,574.85,Closed Won,Closed,Sarah Mitchell,Channel,02/28/2025,03/31/2025
OPP-02380,SwiftNode,Ethernet,2606.13,Closed Won,Closed,Mark Thompson,Agent,07/31/2025,10/12/2025
OPP-02381,GoldGrid,IP Transit,1163.87,Closed Won,Closed,Mark Thompson,Direct,02/11/2026,03/04/2026
OPP-02387,EchoPoint,Colocation,358.22,Closed Won,Closed,Sarah Mitchell,Direct,02/02/2025,03/14/2025
OPP-02397,WavePoint,DDoS Protection,974.58,5 - Accepted,Closed,Lisa Chen,Agent,06/12/2025,11/13/2025
OPP-02401,PulseNet,Wavelengths,190.83,5 - Accepted,Closed,Amy Rodriguez,Direct,09/20/2025,02/26/2026
OPP-02405,TerraLink,Cloud Connect,999.78,5 - Accepted,Closed,Nicole Foster,Direct,06/09/2024,11/10/2024
OPP-02409,Cascade Networks,Wavelengths,307.01,Closed Won,Closed,Ryan O'Brien,Agent,12/25/2025,03/04/2026
OPP-02419,DigiPath,Colocation,141.79,5 - Accepted,Closed,Chris Weber,Direct,10/07/2025,12/25/2025
OPP-02424,TechFlow Inc,Managed Services,188.89,5 - Accepted,Closed,Mark Thompson,Direct,09/09/2024,03/08/2025
OPP-02428,Summit Cloud,DDoS Protection,79.99,5 - Accepted,Closed,Sarah Mitchell,Channel,10/01/2024,03/23/2025
OPP-02429,EchoPoint,MPLS,219.31,Closed Won,Closed,Sarah Mitchell,Direct,06/21/2024,12/15/2024
OPP-02430,GoldGrid,Dark Fiber,215.66,Closed Won,Closed,Ryan O'Brien,Direct,09/19/2024,02/28/2025
OPP-02432,IronGate Tech,MPLS,132.09,5 - Accepted,Closed,Mark Thompson,Direct,05/23/2024,11/14/2024
OPP-02434,WavePoint,SD-WAN,224.73,Closed Won,Closed,Jose Banales,Channel,01/19/2025,06/15/2025
OPP-02436,Summit Cloud,DDoS Protection,214.8,Closed Won,Closed,Amy Rodriguez,Channel,08/01/2024,01/04/2025
OPP-02437,ClearPath,Cloud Connect,515.35,Closed Won,Closed,Jose Banales,Channel,10/11/2025,02/17/2026
OPP-02444,Zenith Systems,Managed Services,342.73,5 - Accepted,Closed,Amy Rodriguez,Channel,06/24/2024,10/15/2024
OPP-02448,SignalBridge,Cloud Connect,661.68,Closed Won,Closed,Jessica Kim,Direct,02/12/2025,07/02/2025
OPP-02451,TechFlow Inc,Wavelengths,961.44,5 - Accepted,Closed,Mark Thompson,Channel,08/01/2025,12/11/2025
OPP-02452,OmniConnect,Colocation,335.42,5 - Accepted,Closed,Chris Weber,Channel,10/02/2024,02/02/2025
OPP-02456,PulseNet,DDoS Protection,920.68,5 - Accepted,Closed,Mark Thompson,Channel,10/06/2025,03/02/2026
OPP-02459,VectorData,IP Transit,548.31,5 - Accepted,Closed,Jose Banales,Channel,01/17/2025,02/23/2025
OPP-02461,Titanium Labs,SD-WAN,190.93,Closed Won,Closed,Jose Banales,Channel,12/12/2024,03/24/2025
OPP-02467,Acme Corp,SD-WAN,452.51,5 - Accepted,Closed,Jessica Kim,Agent,12/06/2025,12/25/2025
OPP-02470,IronGate Tech,IP Transit,2105.41,Closed Won,Closed,Mark Thompson,Direct,04/07/2025,04/30/2025
OPP-02472,ClearPath,IP Transit,233.87,Closed Won,Closed,David Park,Channel,02/04/2026,02/16/2026
OPP-02473,ByteWorks,Colocation,546.83,Closed Won,Closed,Jessica Kim,Agent,05/08/2025,09/05/2025
OPP-02474,HorizonIO,Managed Services,250.73,Closed Won,Closed,Jessica Kim,Channel,12/16/2024,04/17/2025
OPP-02481,NetScale Systems,Colocation,313.5,Closed Won,Closed,Amy Rodriguez,Direct,06/11/2024,09/19/2024
OPP-02485,DigiPath,Colocation,285.47,5 - Accepted,Closed,Mark Thompson,Agent,01/26/2025,03/03/2025
OPP-02494,ClearPath,Dark Fiber,11.31,5 - Accepted,Closed,Nicole Foster,Direct,12/08/2024,02/13/2025
OPP-02499,Cascade Networks,MPLS,154.19,5 - Accepted,Closed,Amy Rodriguez,Agent,07/20/2024,10/09/2024
OPP-02500,Atlas Computing,MPLS,1907.74,Closed Won,Closed,Jose Banales,Channel,05/10/2025,09/23/2025
OPP-02504,EchoPoint,Dark Fiber,424.61,Closed Won,Closed,Sarah Mitchell,Agent,01/17/2025,05/20/2025
OPP-02506,PrimeRoute,MPLS,279.44,Closed Won,Closed,Amy Rodriguez,Agent,07/20/2025,10/25/2025
OPP-02509,DigiPath,MPLS,579.06,5 - Accepted,Closed,Nicole Foster,Channel,02/06/2025,03/11/2025
OPP-02511,Titanium Labs,Ethernet,309.56,Closed Won,Closed,Amy Rodriguez,Agent,04/25/2024,05/31/2024
OPP-02513,SilverStream,IP Transit,262.04,5 - Accepted,Closed,Jessica Kim,Channel,06/10/2024,12/04/2024
OPP-02521,SkyBridge Networks,DDoS Protection,379.5,5 - Accepted,Closed,Jessica Kim,Agent,01/29/2026,02/23/2026
OPP-02524,NexGen Telecom,Colocation,324.52,5 - Accepted,Closed,Amy Rodriguez,Agent,02/07/2025,07/21/2025
OPP-02526,IronGate Tech,Colocation,854.14,5 - Accepted,Closed,Jessica Kim,Agent,08/09/2024,08/24/2024
OPP-02530,SkyBridge Networks,Managed Services,601.16,5 - Accepted,Closed,Ryan O'Brien,Channel,04/24/2025,09/22/2025
OPP-02535,StarForge,Cloud Connect,402.63,Closed Won,Closed,Amy Rodriguez,Agent,05/04/2025,05/28/2025
OPP-02540,SilverStream,DDoS Protection,240.45,Closed Won,Closed,Jose Banales,Channel,10/22/2024,01/04/2025
OPP-02541,OmniConnect,Wavelengths,4404.3,Closed Won,Closed,Lisa Chen,Agent,01/29/2025,03/27/2025
OPP-02544,Atlas Computing,Ethernet,319.69,Closed Won,Closed,Amy Rodriguez,Agent,09/12/2024,12/23/2024
OPP-02548,GoldGrid,SD-WAN,269.99,5 - Accepted,Closed,Chris Weber,Channel,10/23/2024,12/23/2024
OPP-02551,LinkStream,Managed Services,90.06,5 - Accepted,Closed,Chris Weber,Agent,09/03/2024,09/25/2024
OPP-02552,NetScale Systems,SD-WAN,312.18,Closed Won,Closed,Ryan O'Brien,Direct,04/20/2025,05/07/2025
OPP-02559,DataSync Labs,MPLS,1148.18,5 - Accepted,Closed,Jessica Kim,Agent,02/15/2026,03/15/2026
OPP-02562,ClearPath,IP Transit,498.59,Closed Won,Closed,Chris Weber,Direct,03/28/2025,06/21/2025
OPP-02564,GoldGrid,Wavelengths,1620.92,5 - Accepted,Closed,Jose Banales,Channel,02/27/2025,05/17/2025
OPP-02568,Summit Cloud,Managed Services,248.76,5 - Accepted,Closed,Jose Banales,Agent,11/10/2024,05/06/2025
OPP-02569,StarForge,MPLS,67.42,5 - Accepted,Closed,Amy Rodriguez,Direct,05/05/2025,09/14/2025
OPP-02570,Atlas Computing,DDoS Protection,1175.02,5 - Accepted,Closed,Jose Banales,Direct,06/26/2025,12/20/2025
OPP-02571,ByteWorks,Wavelengths,536.23,5 - Accepted,Closed,Jessica Kim,Direct,06/23/2025,10/01/2025
OPP-02573,SwiftNode,Ethernet,1456.6,Closed Won,Closed,Sarah Mitchell,Agent,03/21/2025,08/31/2025
OPP-02574,HorizonIO,Managed Services,62.39,5 - Accepted,Closed,Chris Weber,Direct,03/23/2025,06/20/2025
OPP-02578,BluePeak,Wavelengths,326.91,5 - Accepted,Closed,Lisa Chen,Agent,06/28/2025,11/02/2025
OPP-02581,DigiPath,IP Transit,589.3,Closed Won,Closed,Ryan O'Brien,Agent,10/10/2024,12/05/2024
OPP-02587,WavePoint,Colocation,1855.9,5 - Accepted,Closed,Jose Banales,Channel,04/17/2024,09/01/2024
OPP-02589,CopperLine,IP Transit,976.13,5 - Accepted,Closed,Mark Thompson,Direct,02/14/2025,07/22/2025
OPP-02592,Pinnacle IT,MPLS,186.97,Closed Won,Closed,Chris Weber,Channel,10/09/2025,03/02/2026
OPP-02598,Titanium Labs,Cloud Connect,196.78,Closed Won,Closed,Ryan O'Brien,Channel,03/28/2024,07/30/2024
OPP-02601,TechFlow Inc,MPLS,942.46,Closed Won,Closed,Mark Thompson,Channel,03/14/2025,04/30/2025
OPP-02602,NexGen Telecom,Ethernet,1142.56,5 - Accepted,Closed,Mark Thompson,Agent,07/19/2025,12/30/2025
OPP-02610,PrimeRoute,Colocation,1155.4,5 - Accepted,Closed,Jose Banales,Agent,03/27/2024,09/11/2024
OPP-02611,NetScale Systems,DDoS Protection,1498.73,5 - Accepted,Closed,Amy Rodriguez,Channel,08/06/2024,09/22/2024
OPP-02617,Quantum Networks,Cloud Connect,782.42,5 - Accepted,Closed,Lisa Chen,Agent,01/20/2025,06/03/2025
OPP-02618,NexGen Telecom,DDoS Protection,677.04,Closed Won,Closed,Amy Rodriguez,Direct,12/29/2025,01/27/2026
OPP-02622,ByteWorks,MPLS,1810.91,Closed Won,Closed,Chris Weber,Agent,09/21/2024,01/02/2025
OPP-02624,NexGen Telecom,Dark Fiber,338.26,Closed Won,Closed,Jessica Kim,Direct,09/17/2024,11/10/2024
OPP-02626,NexGen Telecom,Ethernet,56.26,Closed Won,Closed,Amy Rodriguez,Direct,07/30/2025,09/05/2025
OPP-02638,EchoPoint,IP Transit,763.88,5 - Accepted,Closed,Chris Weber,Channel,02/05/2026,03/03/2026
OPP-02639,WavePoint,Ethernet,454.39,5 - Accepted,Closed,Jessica Kim,Direct,04/16/2024,09/14/2024
OPP-02642,TerraLink,Colocation,117.8,5 - Accepted,Closed,Ryan O'Brien,Agent,06/02/2025,06/28/2025
OPP-02643,OmniConnect,MPLS,442.65,Closed Won,Closed,Amy Rodriguez,Channel,01/18/2026,03/11/2026
OPP-02644,CopperLine,IP Transit,219.4,5 - Accepted,Closed,Jose Banales,Agent,10/23/2024,01/07/2025
OPP-02645,Pinnacle IT,Managed Services,394.4,5 - Accepted,Closed,Jessica Kim,Direct,07/06/2024,12/19/2024
OPP-02647,ClearPath,Cloud Connect,427.79,Closed Won,Closed,Jose Banales,Agent,04/24/2024,09/30/2024
OPP-02650,TechFlow Inc,Dark Fiber,552.85,5 - Accepted,Closed,Nicole Foster,Direct,04/05/2024,08/23/2024
OPP-02652,Summit Cloud,MPLS,139.01,5 - Accepted,Closed,Jessica Kim,Agent,06/24/2025,09/30/2025
OPP-02653,Zenith Systems,Dark Fiber,1267.96,Closed Won,Closed,Jose Banales,Direct,04/03/2025,07/24/2025
OPP-02655,SignalBridge,Colocation,3530.15,Closed Won,Closed,Jose Banales,Channel,09/18/2024,11/27/2024
OPP-02657,GridForce,DDoS Protection,1117.77,5 - Accepted,Closed,Sarah Mitchell,Channel,01/22/2025,03/17/2025
OPP-02659,NexGen Telecom,Managed Services,1096.26,Closed Won,Closed,Lisa Chen,Channel,07/20/2024,10/10/2024
OPP-02660,DigiPath,MPLS,67.12,Closed Won,Closed,Lisa Chen,Agent,06/20/2024,11/10/2024
OPP-02665,BluePeak,Dark Fiber,351.87,5 - Accepted,Closed,Nicole Foster,Agent,08/15/2025,12/25/2025
OPP-02666,Cascade Networks,Ethernet,979.39,5 - Accepted,Closed,Sarah Mitchell,Direct,02/03/2025,06/19/2025
OPP-02671,FiberLink,IP Transit,102.48,5 - Accepted,Closed,Amy Rodriguez,Direct,01/09/2025,06/06/2025
OPP-02675,GridForce,Ethernet,305.39,Closed Won,Closed,Jose Banales,Channel,05/25/2025,06/22/2025
OPP-02676,DataSync Labs,SD-WAN,1052.55,5 - Accepted,Closed,Nicole Foster,Direct,11/14/2025,03/17/2026
OPP-02693,NetScale Systems,Dark Fiber,1371.2,5 - Accepted,Closed,David Park,Agent,05/14/2025,08/29/2025
OPP-02696,IronGate Tech,MPLS,290.03,Closed Won,Closed,Lisa Chen,Channel,12/23/2024,01/10/2025
OPP-02701,Apex Digital,Colocation,711.95,5 - Accepted,Closed,Jessica Kim,Channel,05/14/2024,11/08/2024
OPP-02703,PrimeRoute,DDoS Protection,323.58,5 - Accepted,Closed,Lisa Chen,Channel,08/14/2024,10/16/2024
OPP-02704,Apex Digital,Colocation,174.23,5 - Accepted,Closed,David Park,Direct,10/20/2025,03/09/2026
OPP-02707,WavePoint,Cloud Connect,23.05,Closed Won,Closed,Chris Weber,Agent,10/14/2024,12/21/2024
OPP-02709,SignalBridge,SD-WAN,328.59,Closed Won,Closed,Ryan O'Brien,Direct,09/06/2025,11/11/2025
OPP-02711,Acme Corp,Managed Services,455.03,Closed Won,Closed,Mark Thompson,Direct,07/12/2025,09/29/2025
OPP-02717,WavePoint,Colocation,149.4,5 - Accepted,Closed,Jose Banales,Agent,05/28/2025,11/15/2025
OPP-02721,SignalBridge,Colocation,258.8,5 - Accepted,Closed,Jose Banales,Agent,05/17/2025,06/26/2025
OPP-02725,ClearPath,IP Transit,311.88,Closed Won,Closed,Amy Rodriguez,Channel,10/04/2025,03/05/2026
OPP-02726,PulseNet,DDoS Protection,1497.18,Closed Won,Closed,Jose Banales,Direct,09/15/2025,02/06/2026
OPP-02736,StarForge,MPLS,323.38,5 - Accepted,Closed,Ryan O'Brien,Channel,05/09/2024,10/16/2024
OPP-02737,Acme Corp,Dark Fiber,938.31,5 - Accepted,Closed,Jessica Kim,Direct,02/16/2026,02/24/2026
OPP-02741,SkyBridge Networks,Colocation,141.37,5 - Accepted,Closed,Amy Rodriguez,Channel,10/04/2025,11/06/2025
OPP-02747,VectorData,MPLS,387.65,5 - Accepted,Closed,Jose Banales,Direct,05/26/2025,11/13/2025
OPP-02749,DataSync Labs,Dark Fiber,1524.63,5 - Accepted,Closed,Chris Weber,Direct,03/22/2025,08/28/2025
OPP-02752,NexGen Telecom,Dark Fiber,182.22,5 - Accepted,Closed,Amy Rodriguez,Channel,03/01/2025,08/11/2025
OPP-02753,ClearPath,Dark Fiber,402.98,Closed Won,Closed,Mark Thompson,Channel,09/20/2025,03/09/2026
OPP-02754,HorizonIO,Ethernet,598.61,Closed Won,Closed,Lisa Chen,Agent,12/12/2024,04/11/2025
OPP-02756,TechFlow Inc,IP Transit,739.6,5 - Accepted,Closed,Mark Thompson,Direct,06/29/2025,12/16/2025
OPP-02760,ClearPath,Ethernet,1158.94,5 - Accepted,Closed,Jose Banales,Channel,08/23/2025,11/05/2025
OPP-02761,Atlas Computing,Managed Services,582.23,5 - Accepted,Closed,David Park,Direct,09/23/2025,02/22/2026
OPP-02762,SwiftNode,IP Transit,920.69,Closed Won,Closed,Ryan O'Brien,Direct,04/13/2024,05/18/2024
OPP-02763,SignalBridge,DDoS Protection,781.37,5 - Accepted,Closed,Nicole Foster,Agent,11/01/2025,02/06/2026
OPP-02765,WavePoint,SD-WAN,859.12,5 - Accepted,Closed,Amy Rodriguez,Direct,09/29/2025,02/28/2026
OPP-02772,Titanium Labs,MPLS,422.43,Closed Won,Closed,Sarah Mitchell,Agent,07/17/2024,11/29/2024
OPP-02774,CloudFirst,Managed Services,1320.11,5 - Accepted,Closed,David Park,Direct,06/24/2025,08/16/2025
OPP-02776,SkyBridge Networks,Dark Fiber,473.81,5 - Accepted,Closed,Mark Thompson,Direct,12/19/2025,03/02/2026
OPP-02783,GoldGrid,DDoS Protection,420.1,Closed Won,Closed,Ryan O'Brien,Agent,02/26/2025,07/19/2025
OPP-02784,Zenith Systems,IP Transit,696.23,5 - Accepted,Closed,David Park,Agent,10/18/2024,12/18/2024
OPP-02785,VectorData,Cloud Connect,612.71,Closed Won,Closed,Lisa Chen,Channel,08/30/2025,12/18/2025
OPP-02791,PrimeRoute,Managed Services,371.33,Closed Won,Closed,David Park,Channel,12/01/2024,04/16/2025
OPP-02792,PulseNet,Wavelengths,590.04,5 - Accepted,Closed,David Park,Channel,03/05/2025,04/25/2025
OPP-02794,Cascade Networks,Managed Services,2219.41,5 - Accepted,Closed,Jessica Kim,Channel,03/21/2024,06/28/2024
OPP-02797,SkyBridge Networks,DDoS Protection,2211.51,Closed Won,Closed,Ryan O'Brien,Channel,01/20/2026,03/07/2026
OPP-02803,Cascade Networks,IP Transit,349.2,5 - Accepted,Closed,Amy Rodriguez,Direct,02/04/2025,07/26/2025
OPP-02805,FlexNet Solutions,Managed Services,934.65,Closed Won,Closed,Jose Banales,Channel,12/09/2025,02/28/2026
OPP-02807,FlexNet Solutions,IP Transit,814.59,5 - Accepted,Closed,Jessica Kim,Agent,08/12/2024,01/09/2025
OPP-02808,Atlas Computing,DDoS Protection,352.07,5 - Accepted,Closed,Jose Banales,Agent,12/18/2024,04/24/2025
OPP-02816,IronGate Tech,Managed Services,462.37,Closed Won,Closed,Lisa Chen,Direct,09/16/2025,01/28/2026
OPP-02818,PrimeRoute,IP Transit,208.34,5 - Accepted,Closed,Chris Weber,Channel,05/05/2024,07/16/2024
OPP-02833,CoreConnect,Ethernet,168.36,Closed Won,Closed,Mark Thompson,Channel,11/11/2024,02/01/2025
OPP-02837,TerraLink,DDoS Protection,6402.3,Closed Won,Closed,David Park,Channel,04/23/2024,09/16/2024
OPP-02845,CoreConnect,Ethernet,838.28,Closed Won,Closed,Lisa Chen,Agent,03/27/2024,04/17/2024
OPP-02848,SignalBridge,Ethernet,103.8,5 - Accepted,Closed,Jessica Kim,Channel,02/13/2025,07/16/2025
OPP-02853,DataSync Labs,DDoS Protection,543.33,Closed Won,Closed,Lisa Chen,Direct,04/25/2024,06/10/2024
OPP-02854,VectorData,Cloud Connect,232.24,5 - Accepted,Closed,Ryan O'Brien,Channel,06/10/2025,08/09/2025
OPP-02855,EchoPoint,Wavelengths,59.84,Closed Won,Closed,David Park,Agent,07/17/2024,08/27/2024
OPP-02858,VectorData,Ethernet,1083.48,Closed Won,Closed,Jessica Kim,Channel,02/03/2025,04/30/2025
OPP-02859,ClearPath,MPLS,47.72,Closed Won,Closed,Amy Rodriguez,Agent,05/15/2025,11/10/2025
OPP-02862,Apex Digital,Managed Services,37.67,Closed Won,Closed,Jose Banales,Agent,03/22/2025,04/14/2025
OPP-02869,Apex Digital,Wavelengths,69.38,Closed Won,Closed,Chris Weber,Agent,08/26/2025,02/12/2026
OPP-02870,RedRock Data,Wavelengths,110.63,Closed Won,Closed,Jose Banales,Direct,06/20/2025,10/16/2025
OPP-02881,Zenith Systems,DDoS Protection,459.13,Closed Won,Closed,Jose Banales,Direct,10/23/2025,03/06/2026
OPP-02886,PrimeRoute,Cloud Connect,271.27,5 - Accepted,Closed,Chris Weber,Channel,11/20/2025,03/12/2026
OPP-02890,ByteWorks,Cloud Connect,184.43,Closed Won,Closed,Sarah Mitchell,Channel,07/21/2025,11/07/2025
OPP-02892,LinkStream,Ethernet,78.85,5 - Accepted,Closed,Mark Thompson,Channel,03/16/2025,07/11/2025
OPP-02898,SkyBridge Networks,Wavelengths,4156.08,Closed Won,Closed,Jessica Kim,Channel,04/17/2025,07/16/2025
OPP-02908,Titanium Labs,Cloud Connect,125.04,5 - Accepted,Closed,Amy Rodriguez,Agent,08/25/2025,01/12/2026
OPP-02922,TerraLink,Dark Fiber,319.47,Closed Won,Closed,Lisa Chen,Agent,05/29/2025,06/13/2025
OPP-02923,HorizonIO,MPLS,294.78,5 - Accepted,Closed,Jose Banales,Direct,11/04/2025,12/20/2025
OPP-02926,DigiPath,Cloud Connect,1361.63,Closed Won,Closed,Ryan O'Brien,Agent,01/24/2026,03/17/2026
OPP-02927,FiberLink,Ethernet,143.22,Closed Won,Closed,Ryan O'Brien,Channel,07/24/2025,09/26/2025
OPP-02932,SkyBridge Networks,Dark Fiber,91.47,Closed Won,Closed,Jessica Kim,Agent,09/01/2024,10/20/2024
OPP-02934,Cascade Networks,Colocation,312.17,Closed Won,Closed,Amy Rodriguez,Channel,09/19/2024,01/18/2025
OPP-02936,RedRock Data,Wavelengths,952.2,Closed Won,Closed,Mark Thompson,Direct,01/30/2026,02/18/2026
OPP-02937,ByteWorks,MPLS,794.16,5 - Accepted,Closed,Nicole Foster,Direct,08/07/2025,01/17/2026
OPP-02939,FiberLink,Dark Fiber,54.08,5 - Accepted,Closed,Nicole Foster,Agent,05/08/2025,06/02/2025
OPP-02952,GridForce,Wavelengths,973.0,5 - Accepted,Closed,Lisa Chen,Agent,01/26/2026,03/10/2026
OPP-02964,TerraLink,Colocation,318.51,Closed Won,Closed,Amy Rodriguez,Agent,01/17/2026,02/09/2026
OPP-02980,HorizonIO,DDoS Protection,82.59,Closed Won,Closed,Amy Rodriguez,Direct,11/13/2024,03/27/2025
OPP-02982,Quantum Networks,DDoS Protection,493.61,5 - Accepted,Closed,Amy Rodriguez,Agent,06/01/2024,11/22/2024
OPP-02985,IronGate Tech,Wavelengths,504.66,Closed Won,Closed,Lisa Chen,Channel,10/07/2025,10/28/2025
OPP-02987,Zenith Systems,Wavelengths,566.53,Closed Won,Closed,Amy Rodriguez,Direct,09/07/2025,09/22/2025
OPP-02992,PulseNet,Ethernet,63.02,Closed Won,Closed,Jessica Kim,Direct,04/18/2025,09/25/2025
OPP-02998,PrimeRoute,SD-WAN,264.1,5 - Accepted,Closed,Jessica Kim,Direct,05/26/2025,09/07/2025
OPP-02999,SilverStream,DDoS Protection,293.07,5 - Accepted,Closed,David Park,Agent,11/05/2025,03/09/2026
OPP-00006,NetScale Systems,MPLS,362.7,2 - Design Solution,Best Case,Mark Thompson,Agent,02/13/2026,06/09/2026
OPP-00009,Summit Cloud,Managed Services,1424.89,2 - Design Solution,Not In Forecast,Sarah Mitchell,Direct,02/02/2026,04/03/2026
OPP-00013,HorizonIO,Ethernet,76.75,1 - Discover,Commit,Jose Banales,Direct,02/23/2026,08/01/2026
OPP-00019,PulseNet,SD-WAN,173.4,1 - Discover,Commit,Jessica Kim,Direct,11/24/2025,08/31/2026
OPP-00022,CloudFirst,MPLS,139.54,Verbal Agreement,Commit,Jessica Kim,Agent,02/12/2026,05/17/2026
OPP-00026,SkyBridge Networks,SD-WAN,1024.28,3 - Propose,Commit,Mark Thompson,Channel,03/18/2026,04/21/2026
OPP-00028,RedRock Data,SD-WAN,98.66,3 - Propose,Best Case,Jose Banales,Direct,02/07/2026,05/24/2026
OPP-00030,DataSync Labs,SD-WAN,1243.05,2 - Design Solution,Longshot,Amy Rodriguez,Direct,02/25/2026,08/08/2026
OPP-00031,BluePeak,MPLS,836.51,2 - Design Solution,Not In Forecast,Mark Thompson,Direct,02/28/2026,09/05/2026
OPP-00033,HorizonIO,Ethernet,29.77,4 - Negotiate,Longshot,Lisa Chen,Direct,01/01/2026,08/29/2026
OPP-00034,Summit Cloud,DDoS Protection,1153.58,1 - Discover,Longshot,Ryan O'Brien,Channel,11/22/2025,04/14/2026
OPP-00035,SilverStream,DDoS Protection,631.13,4 - Negotiate,Not In Forecast,Amy Rodriguez,Agent,03/13/2026,08/12/2026
OPP-00039,Apex Digital,Managed Services,230.77,Verbal Agreement,Best Case,Jessica Kim,Channel,02/10/2026,04/08/2026
OPP-00041,TechFlow Inc,Dark Fiber,180.18,1 - Discover,Best Case,Lisa Chen,Channel,02/17/2026,09/12/2026
OPP-00044,StarForge,Managed Services,208.81,4 - Negotiate,Longshot,Mark Thompson,Agent,02/24/2026,07/29/2026
OPP-00047,LinkStream,DDoS Protection,116.99,1 - Discover,Not In Forecast,Chris Weber,Agent,01/25/2026,08/04/2026
OPP-00051,EchoPoint,Dark Fiber,177.86,1 - Discover,Commit,Amy Rodriguez,Direct,01/29/2026,05/12/2026
OPP-00052,Atlas Computing,SD-WAN,799.4,1 - Discover,Longshot,Amy Rodriguez,Direct,12/01/2025,08/13/2026
OPP-00053,TechFlow Inc,SD-WAN,191.23,4 - Negotiate,Commit,Nicole Foster,Agent,02/01/2026,09/10/2026
OPP-00054,NexGen Telecom,Wavelengths,1644.03,1 - Discover,Commit,David Park,Agent,01/01/2026,08/01/2026
OPP-00055,IronGate Tech,Cloud Connect,2058.0,1 - Discover,Best Case,Sarah Mitchell,Agent,01/12/2026,05/02/2026
OPP-00056,Cascade Networks,SD-WAN,246.39,4 - Negotiate,Longshot,Nicole Foster,Agent,12/29/2025,05/19/2026
OPP-00057,Quantum Networks,SD-WAN,581.58,Verbal Agreement,Commit,Jessica Kim,Direct,01/20/2026,06/09/2026
OPP-00058,PulseNet,Managed Services,131.21,3 - Propose,Longshot,Lisa Chen,Channel,01/28/2026,03/20/2026
OPP-00059,Cascade Networks,Ethernet,468.49,4 - Negotiate,Not In Forecast,Sarah Mitchell,Direct,02/08/2026,07/21/2026
OPP-00063,EchoPoint,IP Transit,1271.71,Verbal Agreement,Commit,David Park,Direct,03/09/2026,03/21/2026
OPP-00065,WavePoint,MPLS,495.11,1 - Discover,Best Case,David Park,Direct,02/25/2026,07/29/2026
OPP-00066,TerraLink,Managed Services,140.16,4 - Negotiate,Commit,Jessica Kim,Channel,02/23/2026,05/10/2026
OPP-00071,ByteWorks,MPLS,782.59,3 - Propose,Best Case,Nicole Foster,Direct,01/17/2026,07/28/2026
OPP-00074,Apex Digital,SD-WAN,371.38,4 - Negotiate,Longshot,Amy Rodriguez,Direct,02/05/2026,07/23/2026
OPP-00081,RedRock Data,Dark Fiber,311.3,3 - Propose,Not In Forecast,Mark Thompson,Agent,11/19/2025,04/23/2026
OPP-00082,BluePeak,IP Transit,136.8,3 - Propose,Commit,Sarah Mitchell,Channel,03/07/2026,06/10/2026
OPP-00083,EchoPoint,DDoS Protection,989.78,4 - Negotiate,Commit,Amy Rodriguez,Agent,02/23/2026,08/27/2026
OPP-00089,GridForce,MPLS,6205.48,2 - Design Solution,Commit,David Park,Agent,12/27/2025,07/08/2026
OPP-00091,SkyBridge Networks,Colocation,1579.81,3 - Propose,Longshot,Ryan O'Brien,Channel,02/28/2026,04/16/2026
OPP-00092,Atlas Computing,Wavelengths,107.76,4 - Negotiate,Commit,Mark Thompson,Direct,12/21/2025,08/02/2026
OPP-00093,DigiPath,Managed Services,1075.2,3 - Propose,Longshot,Amy Rodriguez,Agent,12/01/2025,09/06/2026
OPP-00094,ByteWorks,Managed Services,162.7,Verbal Agreement,Commit,Jose Banales,Agent,02/07/2026,07/14/2026
OPP-00096,TerraLink,Managed Services,211.46,Verbal Agreement,Best Case,Amy Rodriguez,Agent,03/11/2026,07/02/2026
OPP-00097,FiberLink,Managed Services,87.51,3 - Propose,Not In Forecast,Nicole Foster,Channel,01/13/2026,05/17/2026
OPP-00098,SkyBridge Networks,Wavelengths,115.66,3 - Propose,Commit,Amy Rodriguez,Agent,03/06/2026,07/12/2026
OPP-00100,CopperLine,Ethernet,174.03,Verbal Agreement,Longshot,Lisa Chen,Channel,02/28/2026,05/01/2026
OPP-00104,CopperLine,Colocation,171.75,Verbal Agreement,Not In Forecast,Amy Rodriguez,Channel,11/30/2025,09/13/2026
OPP-00106,IronGate Tech,Cloud Connect,5495.33,4 - Negotiate,Commit,David Park,Channel,02/01/2026,08/08/2026
OPP-00108,Pinnacle IT,Ethernet,134.43,3 - Propose,Best Case,Sarah Mitchell,Channel,03/01/2026,07/05/2026
OPP-00109,StarForge,MPLS,777.25,1 - Discover,Longshot,Nicole Foster,Agent,11/21/2025,05/03/2026
OPP-00113,IronGate Tech,Wavelengths,437.11,4 - Negotiate,Best Case,David Park,Agent,01/07/2026,08/18/2026
OPP-00114,CloudFirst,Dark Fiber,867.26,2 - Design Solution,Commit,Lisa Chen,Channel,11/18/2025,07/23/2026
OPP-00122,StarForge,Dark Fiber,622.36,3 - Propose,Commit,Jessica Kim,Agent,01/14/2026,04/13/2026
OPP-00124,BluePeak,Cloud Connect,673.83,3 - Propose,Best Case,Nicole Foster,Direct,12/30/2025,04/07/2026
OPP-00125,CopperLine,IP Transit,29.27,4 - Negotiate,Commit,Amy Rodriguez,Channel,12/27/2025,08/08/2026
OPP-00126,TerraLink,Cloud Connect,410.67,Verbal Agreement,Longshot,Mark Thompson,Agent,12/11/2025,05/11/2026
OPP-00127,ClearPath,Managed Services,96.08,2 - Design Solution,Best Case,Lisa Chen,Direct,02/02/2026,06/22/2026
OPP-00128,WavePoint,IP Transit,649.46,2 - Design Solution,Longshot,Mark Thompson,Agent,02/12/2026,05/17/2026
OPP-00129,SwiftNode,MPLS,446.48,2 - Design Solution,Not In Forecast,David Park,Agent,03/13/2026,05/06/2026
OPP-00130,SkyBridge Networks,MPLS,407.6,4 - Negotiate,Best Case,Jessica Kim,Channel,03/02/2026,05/08/2026
OPP-00131,SilverStream,IP Transit,457.2,3 - Propose,Commit,David Park,Direct,12/24/2025,04/08/2026
OPP-00134,DataSync Labs,SD-WAN,362.72,4 - Negotiate,Commit,Jessica Kim,Agent,11/20/2025,05/22/2026
OPP-00135,LinkStream,IP Transit,131.06,4 - Negotiate,Longshot,Ryan O'Brien,Agent,12/03/2025,03/30/2026
OPP-00138,NetScale Systems,Colocation,484.39,Verbal Agreement,Not In Forecast,Ryan O'Brien,Agent,11/23/2025,08/27/2026
OPP-00141,PulseNet,IP Transit,232.7,4 - Negotiate,Not In Forecast,Sarah Mitchell,Agent,03/02/2026,08/04/2026
OPP-00144,IronGate Tech,Wavelengths,463.09,2 - Design Solution,Commit,Chris Weber,Agent,12/29/2025,09/03/2026
OPP-00145,FlexNet Solutions,SD-WAN,736.89,2 - Design Solution,Commit,Jessica Kim,Agent,02/19/2026,06/16/2026
OPP-00146,GoldGrid,DDoS Protection,36.11,1 - Discover,Longshot,David Park,Agent,01/22/2026,09/07/2026
OPP-00147,SignalBridge,Dark Fiber,997.07,4 - Negotiate,Not In Forecast,Mark Thompson,Agent,01/29/2026,03/26/2026
OPP-00152,DigiPath,Ethernet,206.54,1 - Discover,Not In Forecast,Mark Thompson,Direct,02/28/2026,08/06/2026
OPP-00156,Quantum Networks,SD-WAN,133.38,3 - Propose,Commit,Lisa Chen,Agent,01/21/2026,08/29/2026
OPP-00160,ClearPath,MPLS,219.65,3 - Propose,Longshot,Mark Thompson,Channel,12/18/2025,07/15/2026
OPP-00166,CoreConnect,Wavelengths,486.71,3 - Propose,Best Case,Chris Weber,Channel,12/13/2025,08/19/2026
OPP-00169,RedRock Data,MPLS,273.09,3 - Propose,Not In Forecast,David Park,Channel,01/31/2026,06/04/2026
OPP-00170,TechFlow Inc,MPLS,715.98,Verbal Agreement,Not In Forecast,Jessica Kim,Channel,12/09/2025,07/30/2026
OPP-00172,BluePeak,Ethernet,165.24,4 - Negotiate,Not In Forecast,Chris Weber,Agent,01/24/2026,06/22/2026
OPP-00174,StarForge,SD-WAN,868.19,2 - Design Solution,Not In Forecast,Lisa Chen,Channel,01/01/2026,08/08/2026
OPP-00175,PrimeRoute,SD-WAN,1549.39,4 - Negotiate,Longshot,Sarah Mitchell,Agent,02/24/2026,04/24/2026
OPP-00177,StarForge,SD-WAN,1184.68,Verbal Agreement,Best Case,Mark Thompson,Direct,11/24/2025,04/12/2026
OPP-00178,BluePeak,Cloud Connect,1789.0,2 - Design Solution,Not In Forecast,Jessica Kim,Direct,01/18/2026,08/31/2026
OPP-00179,GridForce,SD-WAN,606.89,1 - Discover,Commit,Amy Rodriguez,Channel,03/14/2026,05/01/2026
OPP-00180,BluePeak,IP Transit,481.13,2 - Design Solution,Best Case,Jose Banales,Channel,03/06/2026,07/25/2026
OPP-00191,TerraLink,Wavelengths,313.48,3 - Propose,Best Case,Ryan O'Brien,Direct,03/04/2026,03/18/2026
OPP-00192,TechFlow Inc,SD-WAN,585.33,4 - Negotiate,Best Case,Jessica Kim,Agent,01/15/2026,06/14/2026
OPP-00193,WavePoint,SD-WAN,1208.36,1 - Discover,Commit,Lisa Chen,Agent,12/18/2025,05/09/2026
OPP-00197,WavePoint,SD-WAN,202.68,4 - Negotiate,Best Case,Chris Weber,Direct,03/01/2026,07/14/2026
OPP-00199,SkyBridge Networks,Wavelengths,93.63,1 - Discover,Commit,Ryan O'Brien,Agent,03/09/2026,04/05/2026
OPP-00201,NexGen Telecom,MPLS,241.72,Verbal Agreement,Not In Forecast,Lisa Chen,Channel,01/25/2026,08/31/2026
OPP-00205,SignalBridge,Cloud Connect,548.01,4 - Negotiate,Commit,Mark Thompson,Direct,03/18/2026,09/05/2026
OPP-00206,CloudFirst,Dark Fiber,139.15,2 - Design Solution,Commit,Chris Weber,Direct,02/05/2026,08/28/2026
OPP-00211,ClearPath,MPLS,1846.65,2 - Design Solution,Commit,Sarah Mitchell,Agent,03/16/2026,04/06/2026
OPP-00214,IronGate Tech,Ethernet,1904.77,Verbal Agreement,Longshot,Sarah Mitchell,Channel,11/21/2025,08/27/2026
OPP-00217,SkyBridge Networks,Wavelengths,271.81,4 - Negotiate,Best Case,Sarah Mitchell,Direct,11/29/2025,05/04/2026
OPP-00221,VectorData,Ethernet,126.01,4 - Negotiate,Not In Forecast,Jessica Kim,Agent,12/30/2025,08/23/2026
OPP-00224,DigiPath,MPLS,926.55,2 - Design Solution,Not In Forecast,Lisa Chen,Agent,03/18/2026,05/10/2026
OPP-00225,SwiftNode,SD-WAN,579.48,2 - Design Solution,Best Case,Sarah Mitchell,Channel,02/17/2026,07/04/2026
OPP-00227,SilverStream,Wavelengths,68.48,3 - Propose,Not In Forecast,Sarah Mitchell,Direct,02/22/2026,06/10/2026
OPP-00232,Zenith Systems,IP Transit,87.53,4 - Negotiate,Not In Forecast,Mark Thompson,Agent,11/18/2025,09/14/2026
OPP-00233,LinkStream,Ethernet,892.64,1 - Discover,Best Case,David Park,Agent,01/03/2026,06/09/2026
OPP-00234,GridForce,Managed Services,472.53,4 - Negotiate,Not In Forecast,Sarah Mitchell,Channel,02/04/2026,06/26/2026
OPP-00235,CopperLine,Wavelengths,51.15,Verbal Agreement,Longshot,Amy Rodriguez,Channel,03/15/2026,08/22/2026
OPP-00238,Apex Digital,Managed Services,387.86,1 - Discover,Not In Forecast,Nicole Foster,Direct,01/28/2026,07/25/2026
OPP-00239,RedRock Data,DDoS Protection,393.33,4 - Negotiate,Commit,Jessica Kim,Channel,02/27/2026,05/13/2026
OPP-00242,LinkStream,DDoS Protection,344.17,2 - Design Solution,Commit,Sarah Mitchell,Agent,01/13/2026,04/17/2026
OPP-00245,Summit Cloud,Wavelengths,958.56,3 - Propose,Best Case,Mark Thompson,Channel,12/19/2025,04/24/2026
OPP-00247,Summit Cloud,SD-WAN,1461.19,3 - Propose,Commit,Amy Rodriguez,Channel,02/19/2026,07/13/2026
OPP-00249,StarForge,MPLS,15.67,3 - Propose,Longshot,Mark Thompson,Agent,11/29/2025,09/01/2026
OPP-00250,SkyBridge Networks,SD-WAN,2699.14,2 - Design Solution,Not In Forecast,Sarah Mitchell,Channel,02/09/2026,04/10/2026
OPP-00254,GoldGrid,Managed Services,1431.14,2 - Design Solution,Not In Forecast,Lisa Chen,Direct,01/01/2026,07/05/2026
OPP-00255,Apex Digital,IP Transit,531.03,2 - Design Solution,Longshot,Lisa Chen,Channel,02/25/2026,09/10/2026
OPP-00256,TechFlow Inc,SD-WAN,832.37,2 - Design Solution,Commit,Lisa Chen,Agent,02/26/2026,05/18/2026
OPP-00260,NetScale Systems,SD-WAN,315.22,2 - Design Solution,Commit,Chris Weber,Agent,12/27/2025,09/04/2026
OPP-00262,SkyBridge Networks,IP Transit,222.48,1 - Discover,Commit,David Park,Agent,12/21/2025,08/12/2026
OPP-00266,Summit Cloud,Dark Fiber,364.99,1 - Discover,Longshot,Mark Thompson,Direct,12/29/2025,04/09/2026
OPP-00271,FlexNet Solutions,SD-WAN,241.18,3 - Propose,Commit,Amy Rodriguez,Channel,03/18/2026,05/08/2026
OPP-00279,NexGen Telecom,SD-WAN,115.02,4 - Negotiate,Best Case,Jessica Kim,Channel,01/10/2026,05/08/2026
OPP-00280,Cascade Networks,Ethernet,333.17,3 - Propose,Longshot,Ryan O'Brien,Direct,03/14/2026,08/09/2026
OPP-00286,SkyBridge Networks,Wavelengths,526.85,4 - Negotiate,Longshot,Amy Rodriguez,Agent,12/05/2025,04/27/2026
OPP-00287,IronGate Tech,Managed Services,863.17,Verbal Agreement,Best Case,Amy Rodriguez,Direct,01/05/2026,06/04/2026
OPP-00291,TerraLink,Managed Services,1354.8,4 - Negotiate,Not In Forecast,Chris Weber,Direct,11/30/2025,07/18/2026
OPP-00299,CopperLine,Ethernet,281.29,Verbal Agreement,Not In Forecast,Ryan O'Brien,Direct,01/30/2026,05/17/2026
OPP-00300,Pinnacle IT,SD-WAN,421.35,1 - Discover,Best Case,Sarah Mitchell,Channel,12/03/2025,07/10/2026
OPP-00305,SilverStream,DDoS Protection,609.43,3 - Propose,Not In Forecast,Jose Banales,Channel,03/15/2026,05/25/2026
OPP-00308,Summit Cloud,IP Transit,1016.7,4 - Negotiate,Not In Forecast,Sarah Mitchell,Channel,11/24/2025,06/18/2026
OPP-00311,TerraLink,Dark Fiber,3244.94,2 - Design Solution,Best Case,Mark Thompson,Agent,12/22/2025,08/31/2026
OPP-00313,HorizonIO,SD-WAN,154.88,4 - Negotiate,Not In Forecast,Chris Weber,Channel,01/31/2026,04/13/2026
OPP-00314,Acme Corp,Colocation,97.74,Verbal Agreement,Not In Forecast,Amy Rodriguez,Agent,11/26/2025,06/12/2026
OPP-00315,PrimeRoute,Cloud Connect,106.8,3 - Propose,Best Case,David Park,Channel,03/13/2026,04/01/2026
OPP-00317,Titanium Labs,Ethernet,694.45,Verbal Agreement,Longshot,Amy Rodriguez,Agent,01/21/2026,06/02/2026
OPP-00319,Quantum Networks,Ethernet,94.93,3 - Propose,Longshot,Amy Rodriguez,Direct,12/21/2025,08/14/2026
OPP-00321,Cascade Networks,SD-WAN,158.62,2 - Design Solution,Not In Forecast,Chris Weber,Direct,01/29/2026,07/13/2026
OPP-00326,Cascade Networks,Cloud Connect,747.37,3 - Propose,Not In Forecast,Chris Weber,Agent,11/20/2025,05/15/2026
OPP-00330,FiberLink,Colocation,77.61,2 - Design Solution,Commit,David Park,Agent,12/24/2025,04/16/2026
OPP-00332,StarForge,Managed Services,545.52,3 - Propose,Commit,Lisa Chen,Agent,02/25/2026,07/26/2026
OPP-00334,FlexNet Solutions,Cloud Connect,633.58,1 - Discover,Not In Forecast,Amy Rodriguez,Channel,02/05/2026,05/25/2026
OPP-00336,SignalBridge,Wavelengths,371.39,2 - Design Solution,Not In Forecast,Mark Thompson,Agent,12/11/2025,08/21/2026
OPP-00337,TerraLink,Cloud Connect,376.89,2 - Design Solution,Not In Forecast,Nicole Foster,Direct,01/13/2026,03/29/2026
OPP-00338,NetScale Systems,SD-WAN,1481.65,Verbal Agreement,Best Case,Amy Rodriguez,Direct,02/11/2026,06/12/2026
OPP-00340,StarForge,MPLS,412.24,2 - Design Solution,Not In Forecast,Jose Banales,Direct,03/09/2026,04/29/2026
OPP-00344,Atlas Computing,Cloud Connect,91.17,4 - Negotiate,Not In Forecast,Amy Rodriguez,Direct,02/17/2026,09/02/2026
OPP-00345,SkyBridge Networks,Managed Services,82.34,2 - Design Solution,Longshot,Sarah Mitchell,Direct,01/27/2026,07/29/2026
OPP-00347,Zenith Systems,Ethernet,931.34,1 - Discover,Commit,Jessica Kim,Direct,02/24/2026,07/11/2026
OPP-00348,Atlas Computing,MPLS,430.82,1 - Discover,Not In Forecast,Ryan O'Brien,Direct,03/05/2026,08/14/2026
OPP-00350,Summit Cloud,DDoS Protection,2368.93,2 - Design Solution,Best Case,Chris Weber,Agent,12/05/2025,07/01/2026
OPP-00352,CoreConnect,IP Transit,2465.56,3 - Propose,Not In Forecast,Ryan O'Brien,Agent,01/31/2026,08/11/2026
OPP-00353,BluePeak,Colocation,109.02,Verbal Agreement,Commit,David Park,Channel,02/11/2026,04/01/2026
OPP-00354,GridForce,SD-WAN,3858.69,2 - Design Solution,Longshot,Mark Thompson,Channel,12/14/2025,08/03/2026
OPP-00355,DataSync Labs,Cloud Connect,476.01,Verbal Agreement,Longshot,Jessica Kim,Direct,02/14/2026,09/04/2026
OPP-00356,CloudFirst,DDoS Protection,757.08,3 - Propose,Not In Forecast,Chris Weber,Channel,03/04/2026,05/14/2026
OPP-00357,SkyBridge Networks,MPLS,241.02,2 - Design Solution,Commit,Ryan O'Brien,Agent,12/11/2025,05/01/2026
OPP-00362,GoldGrid,MPLS,121.71,3 - Propose,Commit,Lisa Chen,Direct,01/06/2026,05/22/2026
OPP-00363,EchoPoint,SD-WAN,428.36,3 - Propose,Not In Forecast,Jose Banales,Agent,11/23/2025,06/01/2026
OPP-00364,GridForce,Cloud Connect,484.56,2 - Design Solution,Best Case,Ryan O'Brien,Direct,02/11/2026,08/26/2026
OPP-00368,CopperLine,Dark Fiber,101.77,1 - Discover,Commit,Sarah Mitchell,Channel,12/24/2025,07/08/2026
OPP-00371,OmniConnect,Ethernet,164.72,2 - Design Solution,Longshot,Chris Weber,Agent,12/12/2025,04/16/2026
OPP-00373,RedRock Data,Cloud Connect,46.34,2 - Design Solution,Best Case,Amy Rodriguez,Direct,12/28/2025,07/20/2026
OPP-00375,IronGate Tech,SD-WAN,1716.85,3 - Propose,Longshot,Amy Rodriguez,Direct,02/25/2026,06/04/2026
OPP-00376,RedRock Data,Colocation,80.94,1 - Discover,Longshot,Sarah Mitchell,Direct,02/19/2026,08/25/2026
OPP-00377,NetScale Systems,Wavelengths,815.47,Verbal Agreement,Best Case,Jose Banales,Agent,03/14/2026,03/27/2026
OPP-00384,Zenith Systems,Cloud Connect,343.55,Verbal Agreement,Longshot,Amy Rodriguez,Channel,12/15/2025,04/25/2026
OPP-00385,PulseNet,IP Transit,710.93,1 - Discover,Longshot,Amy Rodriguez,Agent,02/18/2026,04/16/2026
OPP-00388,Quantum Networks,Ethernet,1108.48,4 - Negotiate,Best Case,Jessica Kim,Agent,02/05/2026,09/02/2026
OPP-00389,Summit Cloud,SD-WAN,499.41,4 - Negotiate,Not In Forecast,Mark Thompson,Agent,01/06/2026,04/20/2026
OPP-00390,FiberLink,Dark Fiber,3596.67,Verbal Agreement,Commit,Lisa Chen,Agent,12/10/2025,07/17/2026
OPP-00392,IronGate Tech,Colocation,37.52,Verbal Agreement,Not In Forecast,Chris Weber,Channel,02/27/2026,06/23/2026
OPP-00397,DigiPath,Ethernet,151.32,1 - Discover,Longshot,Jessica Kim,Agent,02/28/2026,08/05/2026
OPP-00398,GoldGrid,Dark Fiber,348.66,1 - Discover,Commit,Mark Thompson,Channel,11/26/2025,05/24/2026
OPP-00402,CopperLine,Ethernet,2740.49,1 - Discover,Longshot,Ryan O'Brien,Direct,01/01/2026,05/27/2026
OPP-00403,ByteWorks,MPLS,415.34,Verbal Agreement,Longshot,Lisa Chen,Channel,12/31/2025,04/16/2026
OPP-00406,OmniConnect,Colocation,227.83,3 - Propose,Longshot,Ryan O'Brien,Direct,11/27/2025,08/06/2026
OPP-00409,GoldGrid,Dark Fiber,658.08,3 - Propose,Longshot,Ryan O'Brien,Direct,01/19/2026,05/03/2026
OPP-00410,Summit Cloud,SD-WAN,366.07,2 - Design Solution,Longshot,Chris Weber,Direct,01/07/2026,09/09/2026
OPP-00414,IronGate Tech,DDoS Protection,381.4,2 - Design Solution,Not In Forecast,Lisa Chen,Direct,01/20/2026,04/21/2026
OPP-00416,VectorData,Managed Services,210.39,3 - Propose,Longshot,Sarah Mitchell,Channel,01/01/2026,03/23/2026
OPP-00417,BluePeak,Wavelengths,633.88,2 - Design Solution,Best Case,Amy Rodriguez,Agent,02/25/2026,05/29/2026
OPP-00418,OmniConnect,Cloud Connect,1474.34,4 - Negotiate,Longshot,Ryan O'Brien,Channel,01/16/2026,08/26/2026
OPP-00419,WavePoint,IP Transit,48.93,Verbal Agreement,Commit,Amy Rodriguez,Channel,12/08/2025,06/13/2026
OPP-00424,Apex Digital,Managed Services,9.7,Verbal Agreement,Best Case,Jessica Kim,Agent,02/01/2026,08/17/2026
OPP-00425,Atlas Computing,MPLS,221.36,Verbal Agreement,Best Case,Chris Weber,Agent,03/01/2026,04/09/2026
OPP-00427,FlexNet Solutions,Managed Services,2343.83,4 - Negotiate,Commit,Ryan O'Brien,Direct,02/24/2026,07/06/2026
OPP-00434,DataSync Labs,Ethernet,621.26,Verbal Agreement,Not In Forecast,Jessica Kim,Agent,02/13/2026,06/05/2026
OPP-00435,Apex Digital,IP Transit,90.07,Verbal Agreement,Longshot,Jose Banales,Agent,12/13/2025,06/18/2026
OPP-00436,CloudFirst,Ethernet,538.39,3 - Propose,Best Case,Sarah Mitchell,Direct,11/19/2025,03/28/2026
OPP-00439,OmniConnect,Managed Services,747.33,3 - Propose,Commit,Lisa Chen,Direct,01/19/2026,09/14/2026
OPP-00440,SwiftNode,Colocation,545.05,2 - Design Solution,Longshot,David Park,Agent,02/19/2026,07/15/2026
OPP-00442,Summit Cloud,DDoS Protection,851.04,3 - Propose,Commit,Mark Thompson,Direct,02/10/2026,08/02/2026
OPP-00445,TerraLink,Managed Services,122.59,3 - Propose,Commit,Ryan O'Brien,Agent,11/19/2025,05/10/2026
OPP-00447,LinkStream,Colocation,301.1,Verbal Agreement,Best Case,Sarah Mitchell,Direct,01/29/2026,08/25/2026
OPP-00448,PulseNet,Colocation,235.05,Verbal Agreement,Not In Forecast,Ryan O'Brien,Channel,03/11/2026,04/13/2026
OPP-00454,RedRock Data,MPLS,1238.05,1 - Discover,Commit,Sarah Mitchell,Agent,02/25/2026,04/01/2026
OPP-00455,ClearPath,Cloud Connect,1079.71,1 - Discover,Commit,Chris Weber,Channel,02/07/2026,08/26/2026
OPP-00459,StarForge,Ethernet,430.9,2 - Design Solution,Longshot,Jessica Kim,Channel,02/25/2026,07/06/2026
OPP-00460,Apex Digital,MPLS,286.39,4 - Negotiate,Longshot,Sarah Mitchell,Direct,02/02/2026,09/01/2026
OPP-00461,TechFlow Inc,SD-WAN,634.74,4 - Negotiate,Best Case,Mark Thompson,Channel,12/13/2025,09/09/2026
OPP-00462,SkyBridge Networks,IP Transit,94.15,2 - Design Solution,Commit,Sarah Mitchell,Direct,12/30/2025,05/10/2026
OPP-00467,Zenith Systems,IP Transit,565.4,3 - Propose,Longshot,Jose Banales,Channel,03/01/2026,04/02/2026
OPP-00468,VectorData,DDoS Protection,574.88,2 - Design Solution,Not In Forecast,Jose Banales,Agent,01/23/2026,09/07/2026
OPP-00470,LinkStream,IP Transit,1188.23,2 - Design Solution,Best Case,Nicole Foster,Agent,01/12/2026,04/24/2026
OPP-00473,ByteWorks,Dark Fiber,335.79,4 - Negotiate,Best Case,Amy Rodriguez,Direct,03/07/2026,06/25/2026
OPP-00476,TerraLink,Cloud Connect,605.92,Verbal Agreement,Commit,Chris Weber,Agent,01/23/2026,04/14/2026
OPP-00478,GridForce,SD-WAN,351.5,3 - Propose,Commit,Jessica Kim,Channel,02/14/2026,07/28/2026
OPP-00479,WavePoint,Managed Services,82.25,1 - Discover,Best Case,Jessica Kim,Direct,01/07/2026,07/01/2026
OPP-00482,DataSync Labs,IP Transit,178.9,2 - Design Solution,Commit,Amy Rodriguez,Agent,01/10/2026,06/04/2026
OPP-00489,GoldGrid,Dark Fiber,2814.17,Verbal Agreement,Longshot,Sarah Mitchell,Agent,01/11/2026,08/20/2026
OPP-00490,Apex Digital,SD-WAN,3942.5,3 - Propose,Not In Forecast,Ryan O'Brien,Agent,01/23/2026,08/26/2026
OPP-00495,EchoPoint,Cloud Connect,1079.86,1 - Discover,Longshot,Jessica Kim,Channel,01/28/2026,08/02/2026
OPP-00500,FiberLink,Colocation,72.84,4 - Negotiate,Commit,Mark Thompson,Direct,11/18/2025,06/05/2026
OPP-00502,FlexNet Solutions,SD-WAN,231.48,1 - Discover,Commit,Ryan O'Brien,Channel,11/19/2025,08/24/2026
OPP-00504,NexGen Telecom,IP Transit,440.54,3 - Propose,Commit,Sarah Mitchell,Channel,01/17/2026,09/06/2026
OPP-00509,Summit Cloud,Wavelengths,456.88,3 - Propose,Longshot,Chris Weber,Agent,01/25/2026,07/14/2026
OPP-00510,Zenith Systems,MPLS,103.95,Verbal Agreement,Commit,Chris Weber,Direct,12/31/2025,05/10/2026
OPP-00511,CopperLine,DDoS Protection,654.13,Verbal Agreement,Commit,Chris Weber,Agent,02/20/2026,08/11/2026
OPP-00513,RedRock Data,Dark Fiber,3950.04,Verbal Agreement,Commit,Sarah Mitchell,Direct,02/22/2026,04/24/2026
OPP-00517,CoreConnect,Ethernet,922.9,3 - Propose,Best Case,Ryan O'Brien,Channel,12/05/2025,03/20/2026
OPP-00518,NetScale Systems,Dark Fiber,642.28,4 - Negotiate,Not In Forecast,Mark Thompson,Agent,01/27/2026,07/11/2026
OPP-00526,SwiftNode,Cloud Connect,345.59,2 - Design Solution,Commit,Mark Thompson,Channel,12/31/2025,04/08/2026
OPP-00527,WavePoint,MPLS,837.47,4 - Negotiate,Not In Forecast,Mark Thompson,Channel,02/18/2026,08/28/2026
OPP-00528,SignalBridge,Ethernet,1336.39,1 - Discover,Commit,Nicole Foster,Agent,11/24/2025,04/29/2026
OPP-00531,OmniConnect,DDoS Protection,36.9,3 - Propose,Longshot,Nicole Foster,Agent,02/09/2026,08/14/2026
OPP-00532,Zenith Systems,Managed Services,458.27,2 - Design Solution,Best Case,Lisa Chen,Agent,12/28/2025,08/05/2026
OPP-00535,TerraLink,MPLS,116.09,3 - Propose,Commit,Mark Thompson,Direct,02/07/2026,07/12/2026
OPP-00539,RedRock Data,IP Transit,138.35,3 - Propose,Not In Forecast,Jose Banales,Direct,01/30/2026,03/18/2026
OPP-00541,Titanium Labs,Colocation,650.07,4 - Negotiate,Longshot,Amy Rodriguez,Channel,11/28/2025,07/13/2026
OPP-00544,RedRock Data,DDoS Protection,614.95,4 - Negotiate,Not In Forecast,Sarah Mitchell,Agent,11/20/2025,03/27/2026
OPP-00547,CloudFirst,SD-WAN,56.77,Verbal Agreement,Best Case,Sarah Mitchell,Channel,11/26/2025,05/08/2026
OPP-00549,StarForge,IP Transit,624.04,1 - Discover,Best Case,Jessica Kim,Direct,11/20/2025,07/20/2026
OPP-00550,Quantum Networks,Dark Fiber,1578.8,Verbal Agreement,Not In Forecast,Jose Banales,Direct,02/14/2026,04/19/2026
OPP-00554,RedRock Data,IP Transit,612.24,1 - Discover,Not In Forecast,Mark Thompson,Agent,12/20/2025,06/11/2026
OPP-00555,GoldGrid,Managed Services,389.63,Verbal Agreement,Best Case,Jose Banales,Direct,02/18/2026,07/09/2026
OPP-00557,NexGen Telecom,DDoS Protection,359.3,1 - Discover,Not In Forecast,Lisa Chen,Channel,12/06/2025,05/12/2026
OPP-00560,GoldGrid,IP Transit,275.86,1 - Discover,Best Case,Nicole Foster,Agent,02/01/2026,07/17/2026
OPP-00563,RedRock Data,Ethernet,122.35,4 - Negotiate,Commit,Sarah Mitchell,Agent,11/20/2025,07/18/2026
OPP-00564,HorizonIO,IP Transit,2512.39,1 - Discover,Best Case,Jessica Kim,Agent,03/09/2026,09/14/2026
OPP-00566,FlexNet Solutions,DDoS Protection,490.45,Verbal Agreement,Commit,David Park,Agent,02/05/2026,06/11/2026
OPP-00569,Apex Digital,Cloud Connect,93.47,3 - Propose,Not In Forecast,David Park,Agent,01/19/2026,07/24/2026
OPP-00573,FlexNet Solutions,Ethernet,1694.93,2 - Design Solution,Longshot,Sarah Mitchell,Direct,01/09/2026,08/13/2026
OPP-00574,ClearPath,Cloud Connect,1434.84,Verbal Agreement,Longshot,Jessica Kim,Agent,01/29/2026,04/20/2026
OPP-00576,SignalBridge,Colocation,183.15,2 - Design Solution,Longshot,David Park,Direct,01/30/2026,04/19/2026
OPP-00578,DigiPath,Dark Fiber,3403.46,4 - Negotiate,Longshot,Chris Weber,Channel,02/08/2026,09/14/2026
OPP-00579,FlexNet Solutions,Managed Services,277.52,Verbal Agreement,Not In Forecast,David Park,Agent,03/13/2026,03/28/2026
OPP-00581,GridForce,MPLS,203.66,3 - Propose,Not In Forecast,Ryan O'Brien,Direct,02/12/2026,09/05/2026
OPP-00584,FlexNet Solutions,IP Transit,2248.17,2 - Design Solution,Best Case,Chris Weber,Agent,12/14/2025,06/03/2026
OPP-00585,Pinnacle IT,Colocation,719.39,Verbal Agreement,Not In Forecast,Amy Rodriguez,Direct,02/07/2026,05/26/2026
OPP-00586,BluePeak,IP Transit,172.29,2 - Design Solution,Longshot,Ryan O'Brien,Channel,03/04/2026,08/14/2026
OPP-00589,CopperLine,Managed Services,151.79,4 - Negotiate,Commit,Nicole Foster,Channel,03/06/2026,05/23/2026
OPP-00592,SignalBridge,Colocation,84.97,3 - Propose,Longshot,Amy Rodriguez,Channel,11/30/2025,08/01/2026
OPP-00594,LinkStream,IP Transit,1611.81,Verbal Agreement,Commit,Ryan O'Brien,Direct,01/10/2026,07/13/2026
OPP-00596,ClearPath,IP Transit,155.72,1 - Discover,Best Case,David Park,Direct,12/14/2025,04/20/2026
OPP-00601,CopperLine,IP Transit,292.45,2 - Design Solution,Not In Forecast,Jessica Kim,Agent,12/02/2025,06/06/2026
OPP-00603,DigiPath,DDoS Protection,4551.16,3 - Propose,Best Case,David Park,Channel,01/27/2026,06/30/2026
OPP-00604,FlexNet Solutions,DDoS Protection,1684.08,4 - Negotiate,Commit,Lisa Chen,Direct,02/12/2026,07/21/2026
OPP-00605,FiberLink,DDoS Protection,110.47,1 - Discover,Commit,Jessica Kim,Agent,02/20/2026,04/30/2026
OPP-00607,Zenith Systems,Cloud Connect,106.58,4 - Negotiate,Commit,Jessica Kim,Agent,12/20/2025,07/21/2026
OPP-00609,SilverStream,Cloud Connect,1959.24,1 - Discover,Not In Forecast,Mark Thompson,Channel,02/27/2026,07/15/2026
OPP-00613,Zenith Systems,SD-WAN,1911.79,Verbal Agreement,Longshot,Jessica Kim,Agent,12/29/2025,04/02/2026
OPP-00614,TechFlow Inc,MPLS,1866.36,3 - Propose,Longshot,Jose Banales,Direct,01/05/2026,04/11/2026
OPP-00618,LinkStream,Cloud Connect,151.45,3 - Propose,Not In Forecast,Jessica Kim,Agent,12/13/2025,07/23/2026
OPP-00627,TechFlow Inc,Dark Fiber,1620.73,1 - Discover,Longshot,Sarah Mitchell,Channel,02/11/2026,09/02/2026
OPP-00632,SilverStream,Dark Fiber,176.54,2 - Design Solution,Longshot,Jose Banales,Agent,03/13/2026,09/09/2026
OPP-00634,Apex Digital,DDoS Protection,364.54,4 - Negotiate,Longshot,Jose Banales,Channel,02/17/2026,07/04/2026
OPP-00639,Atlas Computing,Ethernet,282.38,1 - Discover,Longshot,David Park,Agent,12/07/2025,04/09/2026
OPP-00642,BluePeak,IP Transit,5509.22,2 - Design Solution,Longshot,Jose Banales,Channel,01/31/2026,09/09/2026
OPP-00645,DataSync Labs,Dark Fiber,105.63,3 - Propose,Longshot,David Park,Agent,03/10/2026,07/15/2026
OPP-00647,IronGate Tech,SD-WAN,429.2,3 - Propose,Best Case,David Park,Agent,12/28/2025,07/21/2026
OPP-00652,DigiPath,DDoS Protection,915.78,1 - Discover,Commit,Amy Rodriguez,Agent,01/15/2026,09/02/2026
OPP-00653,Pinnacle IT,Managed Services,1595.56,3 - Propose,Best Case,David Park,Agent,12/15/2025,03/30/2026
OPP-00657,Titanium Labs,MPLS,610.47,3 - Propose,Not In Forecast,Chris Weber,Direct,11/29/2025,03/28/2026
OPP-00659,FlexNet Solutions,Managed Services,693.93,4 - Negotiate,Best Case,Chris Weber,Direct,01/23/2026,07/05/2026
OPP-00663,PulseNet,Ethernet,88.49,Verbal Agreement,Not In Forecast,Mark Thompson,Direct,01/25/2026,03/22/2026
OPP-00666,Pinnacle IT,IP Transit,162.36,Verbal Agreement,Not In Forecast,Lisa Chen,Channel,12/06/2025,07/17/2026
OPP-00667,IronGate Tech,Dark Fiber,2457.34,4 - Negotiate,Not In Forecast,Sarah Mitchell,Direct,01/31/2026,05/19/2026
OPP-00671,IronGate Tech,Dark Fiber,265.44,4 - Negotiate,Best Case,Mark Thompson,Channel,02/01/2026,09/09/2026
OPP-00672,ClearPath,MPLS,1544.83,4 - Negotiate,Not In Forecast,Jessica Kim,Direct,02/28/2026,04/28/2026
OPP-00673,GoldGrid,Ethernet,155.43,4 - Negotiate,Not In Forecast,David Park,Agent,11/30/2025,07/02/2026
OPP-00676,DataSync Labs,Colocation,512.68,Verbal Agreement,Commit,David Park,Direct,03/16/2026,07/08/2026
OPP-00677,Atlas Computing,Wavelengths,44.93,1 - Discover,Best Case,Sarah Mitchell,Agent,03/14/2026,06/18/2026
OPP-00680,BluePeak,Cloud Connect,327.41,Verbal Agreement,Not In Forecast,Lisa Chen,Direct,01/09/2026,06/30/2026
OPP-00682,CloudFirst,DDoS Protection,1038.19,2 - Design Solution,Longshot,Jose Banales,Agent,01/10/2026,06/28/2026
OPP-00686,CopperLine,SD-WAN,200.13,Verbal Agreement,Longshot,Lisa Chen,Channel,12/03/2025,03/30/2026
OPP-00687,DigiPath,Managed Services,261.4,4 - Negotiate,Best Case,David Park,Agent,01/01/2026,06/02/2026
OPP-00690,Zenith Systems,MPLS,650.27,3 - Propose,Not In Forecast,Ryan O'Brien,Agent,02/14/2026,07/21/2026
OPP-00692,LinkStream,Managed Services,574.6,Verbal Agreement,Commit,Jessica Kim,Direct,01/04/2026,08/11/2026
OPP-00694,CopperLine,DDoS Protection,32.92,2 - Design Solution,Commit,Jose Banales,Channel,12/03/2025,08/05/2026
OPP-00696,CoreConnect,Colocation,1233.55,2 - Design Solution,Not In Forecast,Jessica Kim,Channel,01/06/2026,05/16/2026
OPP-00697,Zenith Systems,Cloud Connect,1590.16,4 - Negotiate,Best Case,Ryan O'Brien,Direct,02/16/2026,03/24/2026
OPP-00699,Cascade Networks,Ethernet,809.1,1 - Discover,Commit,Jessica Kim,Agent,12/23/2025,05/09/2026
OPP-00700,NexGen Telecom,MPLS,164.15,Verbal Agreement,Not In Forecast,Jessica Kim,Direct,03/08/2026,03/23/2026
OPP-00703,FiberLink,Cloud Connect,91.13,3 - Propose,Commit,Mark Thompson,Channel,11/24/2025,05/08/2026
OPP-00712,OmniConnect,DDoS Protection,120.94,1 - Discover,Not In Forecast,Mark Thompson,Agent,11/19/2025,05/13/2026
OPP-00714,DataSync Labs,SD-WAN,555.88,2 - Design Solution,Longshot,Jessica Kim,Agent,01/29/2026,07/24/2026
OPP-00715,RedRock Data,IP Transit,985.11,Verbal Agreement,Best Case,Ryan O'Brien,Direct,11/26/2025,08/15/2026
OPP-00716,CoreConnect,Wavelengths,19.11,2 - Design Solution,Commit,Mark Thompson,Channel,02/14/2026,09/07/2026
OPP-00719,ClearPath,Wavelengths,2226.51,2 - Design Solution,Commit,Nicole Foster,Direct,03/15/2026,05/20/2026
OPP-00722,SilverStream,MPLS,1600.16,Verbal Agreement,Commit,Jessica Kim,Direct,02/26/2026,04/19/2026
OPP-00723,CloudFirst,Managed Services,479.63,4 - Negotiate,Not In Forecast,Jose Banales,Channel,01/08/2026,04/11/2026
OPP-00724,GoldGrid,DDoS Protection,78.63,Verbal Agreement,Not In Forecast,Lisa Chen,Agent,03/10/2026,08/23/2026
OPP-00725,GoldGrid,Wavelengths,350.47,1 - Discover,Best Case,Amy Rodriguez,Agent,12/01/2025,04/13/2026
OPP-00726,Acme Corp,MPLS,415.06,2 - Design Solution,Not In Forecast,Sarah Mitchell,Agent,02/18/2026,08/23/2026
OPP-00727,SwiftNode,IP Transit,63.77,1 - Discover,Longshot,Lisa Chen,Direct,12/27/2025,08/14/2026
OPP-00729,CloudFirst,Ethernet,579.55,4 - Negotiate,Commit,Ryan O'Brien,Agent,12/31/2025,05/05/2026
OPP-00731,Atlas Computing,Dark Fiber,850.34,2 - Design Solution,Best Case,Jessica Kim,Direct,12/18/2025,07/19/2026
OPP-00733,WavePoint,SD-WAN,189.95,3 - Propose,Longshot,Jessica Kim,Direct,02/18/2026,05/01/2026
OPP-00737,NexGen Telecom,Dark Fiber,1101.54,Verbal Agreement,Commit,David Park,Direct,02/26/2026,07/16/2026
OPP-00740,IronGate Tech,DDoS Protection,232.26,3 - Propose,Commit,Nicole Foster,Direct,12/25/2025,07/09/2026
OPP-00744,GridForce,MPLS,289.1,3 - Propose,Commit,Mark Thompson,Agent,01/17/2026,09/01/2026
OPP-00746,Atlas Computing,Cloud Connect,2542.84,4 - Negotiate,Best Case,Sarah Mitchell,Channel,01/13/2026,07/11/2026
OPP-00748,ByteWorks,DDoS Protection,148.62,Verbal Agreement,Commit,Chris Weber,Agent,03/16/2026,04/22/2026
OPP-00749,WavePoint,Cloud Connect,517.85,Verbal Agreement,Not In Forecast,Nicole Foster,Agent,12/14/2025,06/26/2026
OPP-00751,StarForge,IP Transit,1526.69,1 - Discover,Best Case,Jose Banales,Agent,12/25/2025,09/02/2026
OPP-00753,CoreConnect,Colocation,154.61,4 - Negotiate,Not In Forecast,Chris Weber,Channel,03/02/2026,09/04/2026
OPP-00754,Pinnacle IT,IP Transit,46.58,Verbal Agreement,Not In Forecast,Nicole Foster,Agent,12/23/2025,05/08/2026
OPP-00755,Acme Corp,IP Transit,1533.62,Verbal Agreement,Not In Forecast,Jessica Kim,Direct,01/15/2026,07/14/2026
OPP-00756,Titanium Labs,Dark Fiber,54.36,4 - Negotiate,Longshot,Sarah Mitchell,Channel,01/07/2026,08/21/2026
OPP-00757,PulseNet,DDoS Protection,152.38,4 - Negotiate,Best Case,Lisa Chen,Direct,02/15/2026,08/10/2026
OPP-00758,FiberLink,DDoS Protection,115.33,2 - Design Solution,Longshot,Jose Banales,Direct,02/11/2026,04/04/2026
OPP-00761,DataSync Labs,Dark Fiber,97.89,2 - Design Solution,Not In Forecast,David Park,Direct,01/16/2026,04/04/2026
OPP-00762,Quantum Networks,Colocation,371.14,2 - Design Solution,Best Case,Lisa Chen,Agent,12/09/2025,03/22/2026
OPP-00765,Acme Corp,Dark Fiber,1154.97,3 - Propose,Commit,Chris Weber,Direct,01/10/2026,03/25/2026
OPP-00766,Acme Corp,Cloud Connect,3151.18,2 - Design Solution,Best Case,Lisa Chen,Agent,11/23/2025,07/02/2026
OPP-00771,ByteWorks,Colocation,146.42,2 - Design Solution,Not In Forecast,Nicole Foster,Agent,02/22/2026,05/19/2026
OPP-00782,Titanium Labs,IP Transit,419.34,3 - Propose,Longshot,Lisa Chen,Channel,02/15/2026,04/01/2026
OPP-00786,HorizonIO,DDoS Protection,977.45,3 - Propose,Best Case,Sarah Mitchell,Direct,03/17/2026,06/27/2026
OPP-00789,CloudFirst,IP Transit,99.29,4 - Negotiate,Commit,Lisa Chen,Channel,03/09/2026,08/27/2026
OPP-00796,TerraLink,SD-WAN,401.55,Verbal Agreement,Not In Forecast,Nicole Foster,Direct,12/09/2025,07/10/2026
OPP-00800,DigiPath,MPLS,57.85,4 - Negotiate,Not In Forecast,Amy Rodriguez,Direct,01/11/2026,06/07/2026
OPP-00801,SkyBridge Networks,IP Transit,1164.9,2 - Design Solution,Longshot,Ryan O'Brien,Agent,03/05/2026,05/13/2026
OPP-00807,LinkStream,Ethernet,1317.58,Verbal Agreement,Not In Forecast,Jose Banales,Channel,02/12/2026,04/30/2026
OPP-00809,NexGen Telecom,DDoS Protection,667.53,2 - Design Solution,Commit,Jessica Kim,Channel,02/25/2026,07/14/2026
OPP-00816,RedRock Data,Cloud Connect,207.89,Verbal Agreement,Commit,Ryan O'Brien,Channel,12/18/2025,03/27/2026
OPP-00817,GridForce,IP Transit,524.58,Verbal Agreement,Longshot,David Park,Direct,12/04/2025,08/24/2026
OPP-00819,WavePoint,Colocation,147.26,3 - Propose,Best Case,Lisa Chen,Direct,01/10/2026,04/26/2026
OPP-00820,Apex Digital,DDoS Protection,68.19,2 - Design Solution,Commit,Chris Weber,Direct,12/30/2025,08/28/2026
OPP-00822,FiberLink,Wavelengths,1039.49,3 - Propose,Commit,Mark Thompson,Agent,01/24/2026,06/15/2026
OPP-00823,Titanium Labs,SD-WAN,285.09,1 - Discover,Not In Forecast,Ryan O'Brien,Channel,01/18/2026,08/16/2026
OPP-00825,SkyBridge Networks,Ethernet,332.11,2 - Design Solution,Not In Forecast,Nicole Foster,Channel,01/21/2026,05/30/2026
OPP-00826,PrimeRoute,DDoS Protection,23.98,2 - Design Solution,Longshot,Ryan O'Brien,Agent,01/09/2026,06/06/2026
OPP-00829,EchoPoint,Cloud Connect,599.27,Verbal Agreement,Not In Forecast,Lisa Chen,Agent,12/09/2025,09/06/2026
OPP-00832,Acme Corp,MPLS,330.64,Verbal Agreement,Not In Forecast,Chris Weber,Direct,11/25/2025,06/17/2026
OPP-00837,BluePeak,Cloud Connect,86.84,4 - Negotiate,Not In Forecast,Jose Banales,Direct,02/28/2026,09/08/2026
OPP-00838,CoreConnect,Cloud Connect,803.97,4 - Negotiate,Longshot,Chris Weber,Agent,01/21/2026,03/21/2026
OPP-00839,NexGen Telecom,Dark Fiber,333.53,1 - Discover,Not In Forecast,Amy Rodriguez,Channel,11/28/2025,07/05/2026
OPP-00842,GridForce,IP Transit,1353.53,1 - Discover,Longshot,Chris Weber,Direct,02/15/2026,08/27/2026
OPP-00846,SkyBridge Networks,Cloud Connect,596.78,2 - Design Solution,Not In Forecast,Nicole Foster,Agent,11/29/2025,04/14/2026
OPP-00848,EchoPoint,MPLS,437.74,2 - Design Solution,Best Case,Amy Rodriguez,Channel,12/12/2025,07/03/2026
OPP-00849,StarForge,SD-WAN,546.16,4 - Negotiate,Not In Forecast,Ryan O'Brien,Channel,11/26/2025,07/19/2026
OPP-00854,LinkStream,Colocation,1701.48,Verbal Agreement,Longshot,Sarah Mitchell,Direct,02/18/2026,04/21/2026
OPP-00855,BluePeak,MPLS,947.81,1 - Discover,Longshot,David Park,Channel,12/10/2025,05/22/2026
OPP-00856,TechFlow Inc,Colocation,1387.63,4 - Negotiate,Best Case,Nicole Foster,Direct,03/02/2026,07/09/2026
OPP-00859,FlexNet Solutions,Dark Fiber,648.68,4 - Negotiate,Best Case,David Park,Direct,11/27/2025,07/05/2026
OPP-00860,NexGen Telecom,Managed Services,4588.41,2 - Design Solution,Commit,Chris Weber,Direct,01/05/2026,06/24/2026
OPP-00861,TechFlow Inc,Wavelengths,229.22,2 - Design Solution,Best Case,Jose Banales,Agent,03/18/2026,08/25/2026
OPP-00864,EchoPoint,SD-WAN,72.93,4 - Negotiate,Best Case,Sarah Mitchell,Agent,01/02/2026,09/01/2026
OPP-00865,FlexNet Solutions,Ethernet,65.11,1 - Discover,Best Case,Chris Weber,Agent,12/01/2025,05/29/2026
OPP-00867,Cascade Networks,Cloud Connect,5360.99,2 - Design Solution,Longshot,Nicole Foster,Direct,01/01/2026,04/13/2026
OPP-00868,PrimeRoute,Managed Services,171.79,1 - Discover,Not In Forecast,Amy Rodriguez,Channel,02/18/2026,07/18/2026
OPP-00869,NetScale Systems,Wavelengths,136.92,3 - Propose,Best Case,Nicole Foster,Channel,12/11/2025,06/24/2026
OPP-00879,PulseNet,Colocation,352.88,4 - Negotiate,Not In Forecast,Nicole Foster,Direct,03/03/2026,06/23/2026
OPP-00882,DataSync Labs,Ethernet,389.55,Verbal Agreement,Commit,David Park,Direct,03/18/2026,06/05/2026
OPP-00885,Quantum Networks,Ethernet,496.31,2 - Design Solution,Not In Forecast,Lisa Chen,Agent,02/26/2026,04/20/2026
OPP-00886,ClearPath,SD-WAN,661.68,4 - Negotiate,Commit,Amy Rodriguez,Agent,12/07/2025,08/10/2026
OPP-00887,RedRock Data,Wavelengths,9180.69,3 - Propose,Commit,Jose Banales,Direct,01/20/2026,04/11/2026
OPP-00889,Pinnacle IT,SD-WAN,2690.49,1 - Discover,Longshot,Jessica Kim,Agent,03/07/2026,05/30/2026
OPP-00895,Apex Digital,MPLS,1647.81,1 - Discover,Not In Forecast,Jose Banales,Agent,01/17/2026,05/11/2026
OPP-00897,Cascade Networks,Ethernet,1673.68,1 - Discover,Longshot,David Park,Direct,12/09/2025,05/07/2026
OPP-00899,StarForge,MPLS,575.18,Verbal Agreement,Longshot,Lisa Chen,Direct,11/19/2025,04/25/2026
OPP-00902,LinkStream,Cloud Connect,1786.01,Verbal Agreement,Longshot,Lisa Chen,Direct,11/20/2025,06/03/2026
OPP-00905,FlexNet Solutions,MPLS,1584.19,1 - Discover,Commit,Sarah Mitchell,Direct,02/07/2026,07/09/2026
OPP-00908,FlexNet Solutions,SD-WAN,1734.28,4 - Negotiate,Longshot,David Park,Channel,12/30/2025,04/30/2026
OPP-00909,Titanium Labs,DDoS Protection,598.56,2 - Design Solution,Commit,Lisa Chen,Agent,02/28/2026,08/12/2026
OPP-00911,DigiPath,MPLS,143.19,Verbal Agreement,Commit,Chris Weber,Agent,11/29/2025,03/24/2026
OPP-00913,OmniConnect,IP Transit,4515.09,3 - Propose,Not In Forecast,Lisa Chen,Agent,02/24/2026,05/23/2026
OPP-00914,CloudFirst,SD-WAN,148.55,Verbal Agreement,Best Case,Sarah Mitchell,Direct,11/29/2025,04/06/2026
OPP-00916,PulseNet,SD-WAN,922.79,Verbal Agreement,Longshot,Jose Banales,Direct,01/01/2026,07/19/2026
OPP-00919,StarForge,SD-WAN,421.33,4 - Negotiate,Best Case,Jessica Kim,Agent,12/20/2025,05/01/2026
OPP-00922,SkyBridge Networks,Wavelengths,170.49,Verbal Agreement,Longshot,Jessica Kim,Direct,01/07/2026,03/25/2026
OPP-00923,DigiPath,IP Transit,206.84,3 - Propose,Longshot,Amy Rodriguez,Channel,01/04/2026,04/24/2026
OPP-00924,Apex Digital,Wavelengths,103.31,3 - Propose,Longshot,Jose Banales,Channel,03/13/2026,05/16/2026
OPP-00925,StarForge,Wavelengths,107.25,Verbal Agreement,Commit,Chris Weber,Channel,01/30/2026,08/30/2026
OPP-00931,Quantum Networks,Ethernet,40.43,1 - Discover,Commit,Amy Rodriguez,Agent,11/24/2025,06/03/2026
OPP-00932,NetScale Systems,SD-WAN,227.94,4 - Negotiate,Best Case,Amy Rodriguez,Agent,01/31/2026,07/13/2026
OPP-00933,DigiPath,IP Transit,943.41,4 - Negotiate,Best Case,Amy Rodriguez,Direct,01/30/2026,07/18/2026
OPP-00937,CoreConnect,Ethernet,457.6,Verbal Agreement,Best Case,Amy Rodriguez,Channel,11/26/2025,05/28/2026
OPP-00938,IronGate Tech,IP Transit,368.7,2 - Design Solution,Commit,David Park,Agent,12/18/2025,03/22/2026
OPP-00946,SignalBridge,Dark Fiber,380.26,Verbal Agreement,Commit,Nicole Foster,Channel,01/29/2026,09/08/2026
OPP-00949,Cascade Networks,Dark Fiber,297.87,2 - Design Solution,Not In Forecast,Mark Thompson,Channel,01/03/2026,05/09/2026
OPP-00956,HorizonIO,IP Transit,835.4,3 - Propose,Best Case,Nicole Foster,Channel,12/20/2025,04/21/2026
OPP-00959,Atlas Computing,Dark Fiber,525.2,4 - Negotiate,Longshot,Ryan O'Brien,Direct,11/24/2025,06/26/2026
OPP-00960,CoreConnect,DDoS Protection,369.96,Verbal Agreement,Commit,Jose Banales,Channel,12/22/2025,08/31/2026
OPP-00961,FiberLink,Cloud Connect,381.06,Verbal Agreement,Commit,Nicole Foster,Direct,12/03/2025,08/14/2026
OPP-00964,LinkStream,Wavelengths,19.26,4 - Negotiate,Longshot,Jessica Kim,Direct,01/08/2026,07/19/2026
OPP-00965,PulseNet,Ethernet,2785.32,4 - Negotiate,Not In Forecast,Ryan O'Brien,Channel,12/06/2025,08/27/2026
OPP-00966,TechFlow Inc,IP Transit,436.56,2 - Design Solution,Best Case,Mark Thompson,Agent,01/17/2026,07/18/2026
OPP-00969,DataSync Labs,Cloud Connect,52.91,4 - Negotiate,Best Case,Mark Thompson,Channel,01/01/2026,09/14/2026
OPP-00973,RedRock Data,Managed Services,864.9,2 - Design Solution,Not In Forecast,Amy Rodriguez,Direct,03/16/2026,04/03/2026
OPP-00976,GridForce,IP Transit,1138.57,2 - Design Solution,Longshot,Chris Weber,Agent,12/11/2025,09/08/2026
OPP-00979,EchoPoint,Cloud Connect,1288.47,3 - Propose,Longshot,Jose Banales,Direct,11/26/2025,04/27/2026
OPP-00982,RedRock Data,Wavelengths,286.71,1 - Discover,Not In Forecast,Nicole Foster,Agent,02/02/2026,08/21/2026
OPP-00984,Pinnacle IT,SD-WAN,7990.42,1 - Discover,Not In Forecast,Lisa Chen,Direct,02/13/2026,09/09/2026
OPP-00987,BluePeak,Colocation,1123.75,1 - Discover,Commit,Nicole Foster,Direct,11/27/2025,04/01/2026
OPP-00994,DataSync Labs,Colocation,1922.54,3 - Propose,Commit,Amy Rodriguez,Direct,12/31/2025,08/24/2026
OPP-00996,VectorData,IP Transit,129.34,2 - Design Solution,Longshot,Chris Weber,Channel,12/31/2025,08/11/2026
OPP-00999,CloudFirst,MPLS,267.99,Verbal Agreement,Best Case,Sarah Mitchell,Channel,12/21/2025,05/27/2026
OPP-01000,VectorData,Managed Services,3720.09,2 - Design Solution,Best Case,Mark Thompson,Direct,12/02/2025,09/01/2026
OPP-01013,NexGen Telecom,SD-WAN,659.33,3 - Propose,Commit,Sarah Mitchell,Channel,11/27/2025,06/16/2026
OPP-01014,SwiftNode,DDoS Protection,2365.54,3 - Propose,Best Case,Jessica Kim,Agent,02/18/2026,08/15/2026
OPP-01018,PrimeRoute,Managed Services,1367.72,3 - Propose,Commit,Jessica Kim,Direct,03/16/2026,05/16/2026
OPP-01023,FiberLink,Colocation,113.92,1 - Discover,Best Case,Amy Rodriguez,Direct,02/12/2026,05/07/2026
OPP-01024,VectorData,Managed Services,230.8,4 - Negotiate,Commit,Mark Thompson,Channel,01/23/2026,05/11/2026
OPP-01026,OmniConnect,Managed Services,794.99,3 - Propose,Not In Forecast,Ryan O'Brien,Agent,02/02/2026,06/17/2026
OPP-01028,DigiPath,IP Transit,1593.5,3 - Propose,Not In Forecast,Jessica Kim,Channel,03/05/2026,07/21/2026
OPP-01033,Zenith Systems,Ethernet,270.75,3 - Propose,Best Case,David Park,Direct,03/18/2026,03/21/2026
OPP-01036,BluePeak,Dark Fiber,543.59,Verbal Agreement,Longshot,Jose Banales,Agent,02/26/2026,06/08/2026
OPP-01038,StarForge,SD-WAN,412.39,Verbal Agreement,Not In Forecast,Jessica Kim,Channel,02/19/2026,06/26/2026
OPP-01040,FiberLink,SD-WAN,148.02,1 - Discover,Not In Forecast,Amy Rodriguez,Direct,02/01/2026,05/20/2026
OPP-01041,Quantum Networks,IP Transit,1163.85,Verbal Agreement,Best Case,Chris Weber,Agent,11/25/2025,07/22/2026
OPP-01046,FlexNet Solutions,SD-WAN,472.25,3 - Propose,Longshot,Ryan O'Brien,Channel,01/23/2026,09/09/2026
OPP-01047,LinkStream,MPLS,121.78,4 - Negotiate,Best Case,Amy Rodriguez,Agent,12/09/2025,07/30/2026
OPP-01049,Atlas Computing,Cloud Connect,135.8,Verbal Agreement,Best Case,Sarah Mitchell,Direct,01/01/2026,08/25/2026
OPP-01050,Acme Corp,Ethernet,518.26,4 - Negotiate,Not In Forecast,David Park,Channel,03/17/2026,05/22/2026
OPP-01053,Acme Corp,Ethernet,168.79,Verbal Agreement,Commit,Lisa Chen,Direct,12/29/2025,04/06/2026
OPP-01057,GridForce,DDoS Protection,151.43,1 - Discover,Best Case,Amy Rodriguez,Direct,11/18/2025,08/15/2026
OPP-01058,HorizonIO,Cloud Connect,3666.5,Verbal Agreement,Commit,Sarah Mitchell,Channel,02/08/2026,05/27/2026
OPP-01059,Pinnacle IT,DDoS Protection,688.22,3 - Propose,Not In Forecast,Jose Banales,Agent,02/21/2026,08/30/2026
OPP-01061,BluePeak,Wavelengths,27.36,1 - Discover,Longshot,Jose Banales,Channel,03/07/2026,05/06/2026
OPP-01062,GoldGrid,Dark Fiber,1080.92,3 - Propose,Longshot,Amy Rodriguez,Agent,01/23/2026,03/21/2026
OPP-01065,Atlas Computing,MPLS,720.75,1 - Discover,Commit,Sarah Mitchell,Agent,02/24/2026,04/30/2026
OPP-01070,ClearPath,Colocation,417.64,1 - Discover,Best Case,Ryan O'Brien,Agent,01/16/2026,05/23/2026
OPP-01071,DataSync Labs,Wavelengths,67.05,4 - Negotiate,Longshot,Ryan O'Brien,Agent,01/29/2026,06/22/2026
OPP-01075,Summit Cloud,Wavelengths,326.91,Verbal Agreement,Best Case,Chris Weber,Channel,03/16/2026,06/02/2026
OPP-01076,SilverStream,Colocation,1980.37,2 - Design Solution,Commit,Lisa Chen,Agent,11/29/2025,06/05/2026
OPP-01080,NetScale Systems,Cloud Connect,169.65,Verbal Agreement,Longshot,Jessica Kim,Agent,12/31/2025,07/24/2026
OPP-01081,Acme Corp,MPLS,161.17,2 - Design Solution,Best Case,Nicole Foster,Channel,12/26/2025,07/07/2026
OPP-01083,BluePeak,IP Transit,372.89,1 - Discover,Commit,Mark Thompson,Channel,02/09/2026,06/29/2026
OPP-01085,IronGate Tech,SD-WAN,411.32,4 - Negotiate,Longshot,Sarah Mitchell,Agent,03/06/2026,08/01/2026
OPP-01087,GridForce,Colocation,110.62,4 - Negotiate,Commit,Nicole Foster,Agent,03/09/2026,07/21/2026
OPP-01088,Atlas Computing,Cloud Connect,251.99,3 - Propose,Commit,Jose Banales,Agent,01/26/2026,05/25/2026
OPP-01091,Atlas Computing,MPLS,367.71,Verbal Agreement,Longshot,Lisa Chen,Agent,11/22/2025,04/24/2026
OPP-01092,SilverStream,Wavelengths,160.88,1 - Discover,Longshot,Chris Weber,Agent,01/11/2026,06/28/2026
OPP-01093,TechFlow Inc,IP Transit,1371.92,1 - Discover,Commit,David Park,Agent,02/27/2026,05/06/2026
OPP-01095,LinkStream,DDoS Protection,99.67,2 - Design Solution,Not In Forecast,David Park,Agent,03/14/2026,05/03/2026
OPP-01099,Atlas Computing,Managed Services,747.37,4 - Negotiate,Longshot,Lisa Chen,Agent,11/28/2025,05/10/2026
OPP-01100,Cascade Networks,Cloud Connect,584.16,4 - Negotiate,Best Case,David Park,Channel,02/05/2026,06/16/2026
OPP-01101,Titanium Labs,DDoS Protection,506.82,3 - Propose,Best Case,Chris Weber,Direct,01/05/2026,08/02/2026
OPP-01107,Titanium Labs,DDoS Protection,528.57,2 - Design Solution,Commit,Jose Banales,Channel,01/04/2026,03/23/2026
OPP-01108,SilverStream,DDoS Protection,294.73,2 - Design Solution,Best Case,Ryan O'Brien,Agent,12/10/2025,07/16/2026
OPP-01111,DataSync Labs,DDoS Protection,2221.14,1 - Discover,Commit,Ryan O'Brien,Channel,01/13/2026,07/19/2026
OPP-01112,CloudFirst,SD-WAN,23.3,3 - Propose,Not In Forecast,Chris Weber,Agent,01/11/2026,04/18/2026
OPP-01113,FiberLink,IP Transit,829.94,1 - Discover,Longshot,David Park,Agent,12/06/2025,05/19/2026
OPP-01115,ClearPath,SD-WAN,570.4,3 - Propose,Best Case,Jessica Kim,Channel,12/06/2025,07/29/2026
OPP-01118,Summit Cloud,Colocation,577.98,2 - Design Solution,Longshot,Chris Weber,Channel,01/05/2026,07/20/2026
OPP-01126,GridForce,MPLS,1502.02,3 - Propose,Not In Forecast,Nicole Foster,Channel,02/06/2026,05/02/2026
OPP-01128,Summit Cloud,SD-WAN,388.56,2 - Design Solution,Not In Forecast,Jessica Kim,Direct,01/20/2026,04/28/2026
OPP-01132,Cascade Networks,Managed Services,189.12,3 - Propose,Longshot,Nicole Foster,Channel,01/04/2026,04/24/2026
OPP-01134,PrimeRoute,Dark Fiber,205.56,3 - Propose,Longshot,Lisa Chen,Direct,01/11/2026,06/23/2026
OPP-01136,Pinnacle IT,Dark Fiber,487.09,4 - Negotiate,Commit,Chris Weber,Agent,02/07/2026,06/13/2026
OPP-01137,PrimeRoute,Colocation,248.01,1 - Discover,Commit,Amy Rodriguez,Channel,12/29/2025,07/01/2026
OPP-01139,Cascade Networks,SD-WAN,5103.21,1 - Discover,Longshot,Jose Banales,Direct,03/07/2026,06/18/2026
OPP-01141,DigiPath,DDoS Protection,2015.99,1 - Discover,Not In Forecast,Chris Weber,Channel,11/22/2025,07/25/2026
OPP-01143,Titanium Labs,Managed Services,1060.32,1 - Discover,Longshot,Nicole Foster,Agent,01/16/2026,07/11/2026
OPP-01144,WavePoint,Cloud Connect,261.86,3 - Propose,Not In Forecast,Sarah Mitchell,Direct,03/11/2026,03/23/2026
OPP-01145,Zenith Systems,MPLS,329.52,4 - Negotiate,Best Case,David Park,Direct,01/31/2026,09/06/2026
OPP-01146,Apex Digital,Colocation,1147.72,Verbal Agreement,Best Case,Jessica Kim,Agent,02/24/2026,04/24/2026
OPP-01149,SwiftNode,DDoS Protection,823.62,Verbal Agreement,Best Case,Lisa Chen,Direct,01/21/2026,08/13/2026
OPP-01152,FiberLink,Cloud Connect,62.51,4 - Negotiate,Not In Forecast,Amy Rodriguez,Channel,03/10/2026,07/16/2026
OPP-01154,CloudFirst,MPLS,1586.34,3 - Propose,Not In Forecast,Lisa Chen,Agent,12/10/2025,05/01/2026
OPP-01155,Cascade Networks,IP Transit,145.25,1 - Discover,Longshot,Mark Thompson,Channel,03/14/2026,05/24/2026
OPP-01158,DigiPath,Managed Services,171.18,Verbal Agreement,Commit,Jessica Kim,Channel,12/27/2025,07/17/2026
OPP-01159,Pinnacle IT,SD-WAN,78.4,3 - Propose,Best Case,Mark Thompson,Channel,12/04/2025,05/13/2026
OPP-01160,Summit Cloud,IP Transit,752.35,1 - Discover,Commit,Mark Thompson,Direct,12/19/2025,05/14/2026
OPP-01161,VectorData,IP Transit,830.41,4 - Negotiate,Longshot,David Park,Channel,02/23/2026,04/20/2026
OPP-01163,GridForce,IP Transit,144.4,2 - Design Solution,Not In Forecast,Jose Banales,Direct,01/18/2026,06/14/2026
OPP-01164,GridForce,MPLS,699.2,4 - Negotiate,Commit,Chris Weber,Channel,02/21/2026,05/28/2026
OPP-01168,WavePoint,Ethernet,512.47,3 - Propose,Commit,Jose Banales,Direct,02/28/2026,08/01/2026
OPP-01169,SkyBridge Networks,Colocation,178.49,Verbal Agreement,Best Case,Lisa Chen,Agent,02/07/2026,08/27/2026
OPP-01170,GoldGrid,Ethernet,331.6,Verbal Agreement,Commit,Mark Thompson,Agent,01/08/2026,06/01/2026
OPP-01177,SilverStream,MPLS,258.4,4 - Negotiate,Longshot,Amy Rodriguez,Direct,03/05/2026,05/27/2026
OPP-01178,VectorData,Colocation,141.37,3 - Propose,Not In Forecast,Amy Rodriguez,Channel,02/11/2026,05/25/2026
OPP-01179,FiberLink,Managed Services,2194.36,4 - Negotiate,Not In Forecast,Ryan O'Brien,Agent,11/23/2025,08/19/2026
OPP-01181,Zenith Systems,Dark Fiber,553.57,4 - Negotiate,Not In Forecast,Amy Rodriguez,Agent,03/02/2026,08/25/2026
OPP-01186,ClearPath,Managed Services,183.14,3 - Propose,Longshot,Amy Rodriguez,Direct,02/22/2026,08/08/2026
OPP-01187,EchoPoint,IP Transit,942.74,2 - Design Solution,Longshot,Chris Weber,Agent,01/25/2026,06/16/2026
OPP-01188,Zenith Systems,IP Transit,252.69,3 - Propose,Commit,Chris Weber,Direct,12/19/2025,08/05/2026
OPP-01190,Acme Corp,SD-WAN,1323.75,4 - Negotiate,Best Case,Lisa Chen,Direct,01/09/2026,05/04/2026
OPP-01193,CopperLine,IP Transit,55.03,Verbal Agreement,Best Case,Sarah Mitchell,Agent,02/18/2026,06/15/2026
OPP-01202,Titanium Labs,MPLS,706.21,2 - Design Solution,Best Case,Amy Rodriguez,Direct,01/01/2026,04/11/2026
OPP-01204,GoldGrid,Dark Fiber,1011.56,3 - Propose,Best Case,Ryan O'Brien,Direct,03/13/2026,04/12/2026
OPP-01205,RedRock Data,Ethernet,474.2,3 - Propose,Not In Forecast,Nicole Foster,Direct,03/18/2026,04/16/2026
OPP-01208,CoreConnect,Managed Services,293.99,4 - Negotiate,Not In Forecast,Lisa Chen,Channel,11/21/2025,07/21/2026
OPP-01209,FiberLink,Cloud Connect,394.26,3 - Propose,Longshot,Ryan O'Brien,Channel,02/24/2026,09/09/2026
OPP-01210,CloudFirst,Colocation,481.79,3 - Propose,Longshot,Jose Banales,Direct,02/20/2026,03/30/2026
OPP-01212,Cascade Networks,IP Transit,646.58,1 - Discover,Best Case,Ryan O'Brien,Channel,01/20/2026,05/09/2026
OPP-01213,Titanium Labs,MPLS,264.18,2 - Design Solution,Not In Forecast,Jose Banales,Direct,03/03/2026,05/15/2026
OPP-01216,Zenith Systems,Dark Fiber,58.72,2 - Design Solution,Best Case,Jessica Kim,Direct,03/18/2026,05/22/2026
OPP-01219,Quantum Networks,Wavelengths,972.01,4 - Negotiate,Commit,Lisa Chen,Channel,02/10/2026,07/24/2026
OPP-01222,TechFlow Inc,Managed Services,462.49,3 - Propose,Longshot,Sarah Mitchell,Direct,11/25/2025,04/15/2026
OPP-01225,Titanium Labs,DDoS Protection,1221.5,4 - Negotiate,Not In Forecast,David Park,Agent,02/04/2026,05/21/2026
OPP-01228,Zenith Systems,IP Transit,1744.2,4 - Negotiate,Not In Forecast,Amy Rodriguez,Direct,01/13/2026,06/25/2026
OPP-01229,Atlas Computing,Cloud Connect,719.76,2 - Design Solution,Best Case,Amy Rodriguez,Channel,02/17/2026,05/05/2026
OPP-01230,Titanium Labs,Ethernet,278.16,Verbal Agreement,Not In Forecast,Nicole Foster,Channel,12/06/2025,07/16/2026
OPP-01231,FiberLink,Colocation,321.83,Verbal Agreement,Longshot,Jessica Kim,Channel,01/27/2026,04/27/2026
OPP-01232,TerraLink,Colocation,773.03,1 - Discover,Best Case,Chris Weber,Direct,12/22/2025,09/08/2026
OPP-01233,Titanium Labs,IP Transit,140.88,2 - Design Solution,Best Case,Chris Weber,Agent,03/09/2026,04/20/2026
OPP-01239,TechFlow Inc,Managed Services,137.86,1 - Discover,Not In Forecast,Nicole Foster,Channel,03/15/2026,04/25/2026
OPP-01240,DigiPath,Ethernet,392.06,1 - Discover,Not In Forecast,Amy Rodriguez,Channel,12/09/2025,06/19/2026
OPP-01241,VectorData,Ethernet,321.46,1 - Discover,Commit,Ryan O'Brien,Channel,02/09/2026,05/18/2026
OPP-01244,TerraLink,Cloud Connect,301.75,4 - Negotiate,Longshot,Amy Rodriguez,Agent,02/18/2026,05/23/2026
OPP-01246,NetScale Systems,IP Transit,537.32,1 - Discover,Not In Forecast,Nicole Foster,Direct,02/06/2026,06/10/2026
OPP-01247,FiberLink,MPLS,40.55,2 - Design Solution,Commit,Sarah Mitchell,Direct,11/18/2025,07/06/2026
OPP-01249,PulseNet,Managed Services,317.25,1 - Discover,Commit,David Park,Agent,12/10/2025,05/07/2026
OPP-01250,VectorData,IP Transit,633.89,1 - Discover,Best Case,Ryan O'Brien,Agent,03/06/2026,06/08/2026
OPP-01251,ByteWorks,IP Transit,616.32,3 - Propose,Longshot,Chris Weber,Agent,12/15/2025,07/05/2026
OPP-01253,RedRock Data,Cloud Connect,700.31,4 - Negotiate,Longshot,Jose Banales,Agent,02/15/2026,09/08/2026
OPP-01254,SilverStream,Wavelengths,272.33,3 - Propose,Not In Forecast,Nicole Foster,Channel,01/04/2026,07/23/2026
OPP-01255,HorizonIO,Managed Services,205.45,2 - Design Solution,Longshot,Amy Rodriguez,Agent,01/09/2026,07/15/2026
OPP-01256,Atlas Computing,Cloud Connect,359.69,4 - Negotiate,Not In Forecast,Chris Weber,Channel,01/10/2026,03/24/2026
OPP-01260,CloudFirst,Cloud Connect,522.45,4 - Negotiate,Not In Forecast,Sarah Mitchell,Direct,02/28/2026,05/12/2026
OPP-01261,BluePeak,Managed Services,943.93,3 - Propose,Not In Forecast,Jose Banales,Channel,02/04/2026,04/18/2026
OPP-01263,LinkStream,Cloud Connect,1520.5,4 - Negotiate,Longshot,Lisa Chen,Channel,02/15/2026,05/06/2026
OPP-01264,CoreConnect,Cloud Connect,20.05,Verbal Agreement,Not In Forecast,Nicole Foster,Direct,01/29/2026,07/16/2026
OPP-01266,NetScale Systems,Managed Services,800.85,3 - Propose,Commit,Chris Weber,Direct,01/17/2026,05/20/2026
OPP-01267,ByteWorks,Dark Fiber,726.97,4 - Negotiate,Longshot,Amy Rodriguez,Channel,01/19/2026,06/06/2026
OPP-01273,PulseNet,Cloud Connect,551.74,3 - Propose,Commit,Nicole Foster,Direct,02/18/2026,04/20/2026
OPP-01277,DataSync Labs,Ethernet,404.15,2 - Design Solution,Not In Forecast,Lisa Chen,Direct,11/20/2025,07/26/2026
OPP-01278,FlexNet Solutions,Managed Services,449.13,4 - Negotiate,Commit,Jose Banales,Agent,12/14/2025,05/15/2026
OPP-01279,CopperLine,Managed Services,1999.45,Verbal Agreement,Best Case,Jose Banales,Channel,01/07/2026,05/11/2026
OPP-01280,WavePoint,Colocation,186.6,3 - Propose,Not In Forecast,Jose Banales,Agent,12/08/2025,05/08/2026
OPP-01284,Atlas Computing,DDoS Protection,480.69,4 - Negotiate,Best Case,Nicole Foster,Direct,11/27/2025,08/22/2026
OPP-01289,WavePoint,Ethernet,75.27,1 - Discover,Not In Forecast,Sarah Mitchell,Channel,01/09/2026,05/01/2026
OPP-01291,TechFlow Inc,SD-WAN,1002.24,1 - Discover,Not In Forecast,Lisa Chen,Direct,02/27/2026,05/16/2026
OPP-01293,EchoPoint,IP Transit,131.37,4 - Negotiate,Not In Forecast,Amy Rodriguez,Agent,01/01/2026,05/31/2026
OPP-01296,CoreConnect,Ethernet,443.59,1 - Discover,Longshot,Chris Weber,Direct,03/17/2026,08/05/2026
OPP-01298,Titanium Labs,Cloud Connect,82.67,1 - Discover,Best Case,Chris Weber,Agent,03/04/2026,09/11/2026
OPP-01301,SwiftNode,Wavelengths,721.94,1 - Discover,Not In Forecast,Chris Weber,Channel,01/04/2026,05/10/2026
OPP-01302,HorizonIO,DDoS Protection,734.21,Verbal Agreement,Commit,Nicole Foster,Agent,01/20/2026,06/07/2026
OPP-01304,TechFlow Inc,DDoS Protection,360.19,1 - Discover,Commit,Jose Banales,Channel,12/19/2025,08/26/2026
OPP-01306,GoldGrid,DDoS Protection,2026.09,Verbal Agreement,Best Case,Sarah Mitchell,Direct,01/16/2026,05/27/2026
OPP-01307,Titanium Labs,DDoS Protection,723.67,3 - Propose,Not In Forecast,Ryan O'Brien,Agent,12/10/2025,07/11/2026
OPP-01308,FlexNet Solutions,IP Transit,155.91,4 - Negotiate,Commit,Jose Banales,Channel,12/13/2025,07/19/2026
OPP-01309,RedRock Data,Ethernet,149.92,2 - Design Solution,Not In Forecast,Jose Banales,Channel,12/17/2025,07/09/2026
OPP-01314,GridForce,IP Transit,787.16,4 - Negotiate,Longshot,David Park,Direct,01/31/2026,07/31/2026
OPP-01315,Acme Corp,SD-WAN,866.37,4 - Negotiate,Not In Forecast,Mark Thompson,Channel,01/18/2026,07/18/2026
OPP-01318,BluePeak,Dark Fiber,1729.61,4 - Negotiate,Best Case,Chris Weber,Direct,02/21/2026,04/19/2026
OPP-01319,Pinnacle IT,MPLS,132.65,2 - Design Solution,Not In Forecast,Ryan O'Brien,Channel,02/24/2026,04/06/2026
OPP-01321,EchoPoint,MPLS,419.21,4 - Negotiate,Best Case,Amy Rodriguez,Channel,01/17/2026,06/12/2026
OPP-01324,IronGate Tech,Ethernet,52.85,3 - Propose,Longshot,Nicole Foster,Direct,12/14/2025,07/14/2026
OPP-01325,CopperLine,Colocation,577.8,3 - Propose,Longshot,Mark Thompson,Direct,12/11/2025,08/30/2026
OPP-01327,VectorData,Wavelengths,148.47,1 - Discover,Longshot,Chris Weber,Agent,01/22/2026,08/10/2026
OPP-01328,BluePeak,Ethernet,586.73,4 - Negotiate,Not In Forecast,David Park,Direct,12/28/2025,04/17/2026
OPP-01329,CoreConnect,IP Transit,70.9,1 - Discover,Best Case,Sarah Mitchell,Channel,02/26/2026,04/11/2026
OPP-01334,SwiftNode,Ethernet,883.99,4 - Negotiate,Not In Forecast,Lisa Chen,Direct,03/06/2026,08/22/2026
OPP-01336,RedRock Data,Colocation,198.59,Verbal Agreement,Commit,Nicole Foster,Channel,02/02/2026,09/12/2026
OPP-01338,SilverStream,Managed Services,555.68,2 - Design Solution,Commit,Jose Banales,Agent,01/06/2026,08/11/2026
OPP-01346,PulseNet,Wavelengths,96.4,1 - Discover,Commit,Lisa Chen,Direct,12/24/2025,07/13/2026
OPP-01348,Cascade Networks,DDoS Protection,890.03,2 - Design Solution,Longshot,Mark Thompson,Agent,03/05/2026,06/02/2026
OPP-01355,Cascade Networks,MPLS,3358.06,4 - Negotiate,Commit,Sarah Mitchell,Channel,12/07/2025,06/22/2026
OPP-01358,NetScale Systems,IP Transit,49.27,1 - Discover,Commit,Jose Banales,Channel,11/28/2025,09/05/2026
OPP-01359,Atlas Computing,Cloud Connect,1428.48,4 - Negotiate,Longshot,Nicole Foster,Agent,02/06/2026,09/04/2026
OPP-01360,Apex Digital,Colocation,427.19,Verbal Agreement,Best Case,Mark Thompson,Agent,12/16/2025,03/23/2026
OPP-01361,IronGate Tech,Managed Services,400.05,3 - Propose,Not In Forecast,David Park,Channel,11/24/2025,08/16/2026
OPP-01363,EchoPoint,Colocation,490.55,4 - Negotiate,Best Case,Amy Rodriguez,Channel,12/08/2025,08/24/2026
OPP-01370,SilverStream,SD-WAN,48.77,Verbal Agreement,Longshot,Mark Thompson,Agent,11/22/2025,06/26/2026
OPP-01373,FiberLink,Managed Services,2397.93,3 - Propose,Best Case,Mark Thompson,Direct,02/17/2026,07/19/2026
OPP-01374,IronGate Tech,DDoS Protection,793.97,Verbal Agreement,Best Case,Sarah Mitchell,Agent,03/12/2026,07/17/2026
OPP-01376,Apex Digital,Managed Services,160.37,4 - Negotiate,Commit,Mark Thompson,Channel,01/19/2026,06/11/2026
OPP-01379,Cascade Networks,DDoS Protection,26.8,Verbal Agreement,Commit,Ryan O'Brien,Agent,01/15/2026,08/16/2026
OPP-01383,TechFlow Inc,Colocation,642.94,4 - Negotiate,Commit,David Park,Agent,03/07/2026,05/17/2026
OPP-01386,NetScale Systems,IP Transit,6572.03,1 - Discover,Longshot,Sarah Mitchell,Direct,12/10/2025,04/16/2026
OPP-01387,SwiftNode,Cloud Connect,371.9,Verbal Agreement,Longshot,Sarah Mitchell,Agent,02/26/2026,04/08/2026
OPP-01393,ClearPath,Wavelengths,130.4,3 - Propose,Not In Forecast,Nicole Foster,Direct,12/25/2025,03/27/2026
OPP-01394,FiberLink,Dark Fiber,3598.25,2 - Design Solution,Best Case,David Park,Agent,12/23/2025,06/13/2026
OPP-01396,PulseNet,Wavelengths,295.08,1 - Discover,Longshot,Mark Thompson,Agent,02/24/2026,06/11/2026
OPP-01399,BluePeak,Wavelengths,494.49,2 - Design Solution,Not In Forecast,Amy Rodriguez,Channel,11/23/2025,07/16/2026
OPP-01401,TechFlow Inc,Managed Services,6333.9,2 - Design Solution,Best Case,Lisa Chen,Agent,01/09/2026,03/19/2026
OPP-01402,Cascade Networks,SD-WAN,395.5,2 - Design Solution,Not In Forecast,Nicole Foster,Agent,12/15/2025,08/21/2026
OPP-01404,DigiPath,DDoS Protection,2110.55,1 - Discover,Best Case,David Park,Agent,02/21/2026,05/21/2026
OPP-01406,PrimeRoute,Wavelengths,145.55,1 - Discover,Best Case,Nicole Foster,Direct,12/06/2025,08/30/2026
OPP-01408,LinkStream,DDoS Protection,268.19,2 - Design Solution,Not In Forecast,Amy Rodriguez,Direct,11/24/2025,05/21/2026
OPP-01414,GoldGrid,MPLS,128.38,Verbal Agreement,Not In Forecast,Ryan O'Brien,Direct,01/29/2026,06/13/2026
OPP-01420,LinkStream,Wavelengths,495.1,1 - Discover,Best Case,Amy Rodriguez,Direct,11/23/2025,07/17/2026
OPP-01421,PrimeRoute,Colocation,2250.63,1 - Discover,Best Case,Mark Thompson,Agent,02/27/2026,07/01/2026
OPP-01424,CoreConnect,SD-WAN,519.15,2 - Design Solution,Best Case,Jessica Kim,Direct,01/03/2026,08/25/2026
OPP-01426,PulseNet,DDoS Protection,89.84,2 - Design Solution,Not In Forecast,Sarah Mitchell,Direct,12/17/2025,09/13/2026
OPP-01429,GridForce,DDoS Protection,30.2,4 - Negotiate,Commit,David Park,Channel,12/17/2025,09/13/2026
OPP-01432,IronGate Tech,Managed Services,632.31,2 - Design Solution,Best Case,Lisa Chen,Direct,02/05/2026,07/09/2026
OPP-01433,NetScale Systems,DDoS Protection,313.37,3 - Propose,Longshot,Ryan O'Brien,Direct,11/21/2025,03/26/2026
OPP-01435,EchoPoint,Cloud Connect,248.09,Verbal Agreement,Commit,Jose Banales,Agent,02/27/2026,07/25/2026
OPP-01437,PulseNet,SD-WAN,311.49,3 - Propose,Not In Forecast,Ryan O'Brien,Agent,01/16/2026,03/24/2026
OPP-01438,DataSync Labs,MPLS,201.98,2 - Design Solution,Commit,Jose Banales,Direct,01/03/2026,07/28/2026
OPP-01440,SkyBridge Networks,Dark Fiber,308.62,Verbal Agreement,Commit,Amy Rodriguez,Channel,02/06/2026,07/16/2026
OPP-01443,StarForge,Colocation,485.75,3 - Propose,Best Case,Jose Banales,Channel,01/23/2026,05/06/2026
OPP-01445,FlexNet Solutions,IP Transit,321.83,3 - Propose,Best Case,Ryan O'Brien,Agent,03/10/2026,07/03/2026
OPP-01451,Cascade Networks,SD-WAN,305.35,1 - Discover,Best Case,Nicole Foster,Channel,03/01/2026,04/13/2026
OPP-01454,GoldGrid,Colocation,344.52,1 - Discover,Not In Forecast,Jessica Kim,Channel,02/25/2026,08/06/2026
OPP-01456,StarForge,IP Transit,722.14,2 - Design Solution,Not In Forecast,Nicole Foster,Agent,12/21/2025,05/29/2026
OPP-01457,SilverStream,Wavelengths,227.93,2 - Design Solution,Longshot,Chris Weber,Direct,12/05/2025,04/01/2026
OPP-01458,NetScale Systems,SD-WAN,792.14,Verbal Agreement,Commit,Nicole Foster,Direct,01/26/2026,05/31/2026
OPP-01462,RedRock Data,DDoS Protection,421.59,1 - Discover,Best Case,Chris Weber,Channel,01/11/2026,03/22/2026
OPP-01463,DataSync Labs,Ethernet,57.35,3 - Propose,Commit,Jose Banales,Agent,03/02/2026,03/24/2026
OPP-01466,LinkStream,Colocation,129.5,1 - Discover,Commit,David Park,Channel,02/27/2026,07/31/2026
OPP-01470,BluePeak,MPLS,2691.67,3 - Propose,Not In Forecast,Nicole Foster,Channel,11/29/2025,07/29/2026
OPP-01472,Summit Cloud,SD-WAN,910.16,2 - Design Solution,Best Case,Nicole Foster,Agent,02/25/2026,07/06/2026
OPP-01475,SkyBridge Networks,Ethernet,10153.94,Verbal Agreement,Longshot,Ryan O'Brien,Direct,03/03/2026,03/18/2026
OPP-01476,OmniConnect,DDoS Protection,568.97,Verbal Agreement,Best Case,Sarah Mitchell,Direct,01/08/2026,08/16/2026
OPP-01477,OmniConnect,Colocation,1038.33,1 - Discover,Not In Forecast,Mark Thompson,Channel,01/01/2026,06/30/2026
OPP-01479,ClearPath,Wavelengths,451.43,4 - Negotiate,Longshot,David Park,Direct,03/06/2026,07/26/2026
OPP-01481,TerraLink,Wavelengths,406.95,4 - Negotiate,Best Case,Jose Banales,Direct,03/02/2026,08/21/2026
OPP-01483,CloudFirst,Managed Services,90.08,Verbal Agreement,Not In Forecast,Chris Weber,Direct,02/08/2026,07/01/2026
OPP-01484,WavePoint,Dark Fiber,56.22,3 - Propose,Not In Forecast,Amy Rodriguez,Direct,02/02/2026,05/29/2026
OPP-01485,Zenith Systems,IP Transit,2872.65,2 - Design Solution,Not In Forecast,Jose Banales,Agent,02/11/2026,04/20/2026
OPP-01487,SignalBridge,MPLS,656.98,3 - Propose,Best Case,Nicole Foster,Direct,12/13/2025,05/08/2026
OPP-01488,Atlas Computing,Ethernet,275.53,3 - Propose,Commit,Sarah Mitchell,Direct,01/16/2026,03/20/2026
OPP-01489,LinkStream,IP Transit,293.92,1 - Discover,Not In Forecast,Sarah Mitchell,Direct,12/18/2025,07/27/2026
OPP-01495,IronGate Tech,Ethernet,50.07,Verbal Agreement,Longshot,Ryan O'Brien,Direct,01/09/2026,03/25/2026
OPP-01496,ClearPath,Ethernet,383.87,1 - Discover,Not In Forecast,Nicole Foster,Channel,01/08/2026,09/08/2026
OPP-01499,Quantum Networks,DDoS Protection,769.74,Verbal Agreement,Best Case,Amy Rodriguez,Direct,02/19/2026,04/05/2026
OPP-01502,SilverStream,SD-WAN,1324.7,3 - Propose,Commit,Ryan O'Brien,Channel,02/08/2026,04/08/2026
OPP-01507,CloudFirst,SD-WAN,955.95,3 - Propose,Longshot,Jose Banales,Agent,02/13/2026,07/12/2026
OPP-01514,Apex Digital,Dark Fiber,955.32,3 - Propose,Best Case,Nicole Foster,Channel,12/27/2025,08/25/2026
OPP-01516,ClearPath,MPLS,975.02,1 - Discover,Longshot,Lisa Chen,Channel,11/29/2025,06/09/2026
OPP-01517,FlexNet Solutions,Managed Services,35.88,2 - Design Solution,Not In Forecast,Sarah Mitchell,Channel,01/17/2026,07/30/2026
OPP-01518,FiberLink,Ethernet,58.21,1 - Discover,Commit,Chris Weber,Channel,11/22/2025,06/16/2026
OPP-01521,IronGate Tech,DDoS Protection,430.02,Verbal Agreement,Not In Forecast,Jose Banales,Channel,01/25/2026,07/09/2026
OPP-01527,RedRock Data,Ethernet,763.9,4 - Negotiate,Not In Forecast,Chris Weber,Channel,12/07/2025,03/19/2026
OPP-01528,CoreConnect,Cloud Connect,129.84,3 - Propose,Best Case,Ryan O'Brien,Agent,02/16/2026,08/04/2026
OPP-01531,SignalBridge,Managed Services,179.16,4 - Negotiate,Longshot,Chris Weber,Agent,01/18/2026,07/14/2026
OPP-01532,Apex Digital,SD-WAN,166.11,4 - Negotiate,Commit,Amy Rodriguez,Agent,12/29/2025,04/23/2026
OPP-01533,GoldGrid,Wavelengths,2550.06,4 - Negotiate,Commit,Ryan O'Brien,Agent,01/07/2026,03/31/2026
OPP-01534,StarForge,IP Transit,21.79,2 - Design Solution,Best Case,Jessica Kim,Direct,03/16/2026,08/09/2026
OPP-01537,EchoPoint,Ethernet,289.77,3 - Propose,Not In Forecast,Amy Rodriguez,Agent,02/20/2026,07/22/2026
OPP-01539,DigiPath,IP Transit,345.52,Verbal Agreement,Best Case,Jessica Kim,Agent,01/13/2026,04/04/2026
OPP-01540,SignalBridge,Dark Fiber,351.76,Verbal Agreement,Not In Forecast,Amy Rodriguez,Direct,02/18/2026,04/15/2026
OPP-01545,WavePoint,MPLS,585.25,3 - Propose,Best Case,Mark Thompson,Agent,01/18/2026,05/27/2026
OPP-01546,Summit Cloud,Ethernet,403.14,1 - Discover,Commit,Jose Banales,Agent,12/06/2025,06/27/2026
OPP-01549,Cascade Networks,Managed Services,326.05,2 - Design Solution,Commit,Lisa Chen,Direct,02/10/2026,05/02/2026
OPP-01552,CopperLine,Ethernet,4540.55,1 - Discover,Commit,Amy Rodriguez,Channel,03/01/2026,05/11/2026
OPP-01553,Titanium Labs,MPLS,400.53,Verbal Agreement,Commit,Amy Rodriguez,Direct,12/17/2025,07/12/2026
OPP-01555,TechFlow Inc,SD-WAN,96.84,1 - Discover,Commit,Sarah Mitchell,Agent,01/11/2026,04/18/2026
OPP-01558,Apex Digital,SD-WAN,55.88,1 - Discover,Longshot,Mark Thompson,Agent,11/22/2025,05/20/2026
OPP-01561,VectorData,Managed Services,372.8,3 - Propose,Commit,Sarah Mitchell,Direct,01/28/2026,04/02/2026
OPP-01570,DigiPath,SD-WAN,593.59,3 - Propose,Commit,Jose Banales,Direct,03/03/2026,08/09/2026
OPP-01576,Acme Corp,Wavelengths,64.68,2 - Design Solution,Not In Forecast,David Park,Direct,03/02/2026,08/03/2026
OPP-01578,EchoPoint,Wavelengths,580.67,Verbal Agreement,Not In Forecast,Lisa Chen,Channel,03/13/2026,04/24/2026
OPP-01579,DigiPath,Wavelengths,410.85,Verbal Agreement,Longshot,Jessica Kim,Direct,03/16/2026,09/03/2026
OPP-01580,Summit Cloud,Dark Fiber,252.66,3 - Propose,Commit,Sarah Mitchell,Agent,01/14/2026,06/17/2026
OPP-01581,Cascade Networks,Colocation,8.59,Verbal Agreement,Best Case,Lisa Chen,Agent,11/25/2025,03/24/2026
OPP-01587,CopperLine,DDoS Protection,128.42,Verbal Agreement,Not In Forecast,Mark Thompson,Channel,01/26/2026,05/20/2026
OPP-01590,GoldGrid,Dark Fiber,4.56,4 - Negotiate,Not In Forecast,Chris Weber,Direct,02/03/2026,08/12/2026
OPP-01591,NetScale Systems,DDoS Protection,238.8,1 - Discover,Commit,Jose Banales,Agent,02/01/2026,05/20/2026
OPP-01592,OmniConnect,MPLS,141.38,1 - Discover,Not In Forecast,Mark Thompson,Direct,03/12/2026,03/18/2026
OPP-01593,ClearPath,IP Transit,458.5,3 - Propose,Longshot,Lisa Chen,Direct,02/25/2026,09/13/2026
OPP-01594,TechFlow Inc,IP Transit,174.93,4 - Negotiate,Commit,Amy Rodriguez,Channel,01/11/2026,06/07/2026
OPP-01600,DigiPath,Wavelengths,375.52,2 - Design Solution,Not In Forecast,Nicole Foster,Direct,03/11/2026,09/11/2026
OPP-01604,PulseNet,Dark Fiber,3887.62,3 - Propose,Not In Forecast,David Park,Channel,01/12/2026,07/23/2026
OPP-01607,NexGen Telecom,Cloud Connect,986.5,2 - Design Solution,Not In Forecast,David Park,Channel,12/31/2025,09/13/2026
OPP-01608,FlexNet Solutions,Dark Fiber,538.6,Verbal Agreement,Commit,Sarah Mitchell,Channel,11/19/2025,09/11/2026
OPP-01611,SkyBridge Networks,Colocation,2434.91,4 - Negotiate,Commit,David Park,Agent,01/17/2026,08/15/2026
OPP-01617,DataSync Labs,DDoS Protection,647.88,3 - Propose,Best Case,David Park,Channel,03/09/2026,05/07/2026
OPP-01619,Quantum Networks,Managed Services,1047.43,2 - Design Solution,Best Case,Jessica Kim,Channel,01/19/2026,04/30/2026
OPP-01621,CloudFirst,Wavelengths,68.81,1 - Discover,Best Case,Nicole Foster,Channel,11/22/2025,06/24/2026
OPP-01625,EchoPoint,Cloud Connect,251.15,2 - Design Solution,Commit,Sarah Mitchell,Channel,11/19/2025,08/29/2026
OPP-01629,PrimeRoute,IP Transit,324.69,Verbal Agreement,Best Case,Lisa Chen,Agent,01/29/2026,04/13/2026
OPP-01631,Summit Cloud,Dark Fiber,153.3,2 - Design Solution,Best Case,Nicole Foster,Agent,03/11/2026,03/18/2026
OPP-01634,CloudFirst,Ethernet,554.24,2 - Design Solution,Commit,Ryan O'Brien,Channel,02/26/2026,07/19/2026
OPP-01636,Acme Corp,Ethernet,998.35,4 - Negotiate,Longshot,Jose Banales,Channel,02/21/2026,08/15/2026
OPP-01638,PrimeRoute,Wavelengths,1369.55,4 - Negotiate,Commit,Sarah Mitchell,Direct,02/16/2026,04/10/2026
OPP-01642,Titanium Labs,Wavelengths,753.78,4 - Negotiate,Commit,Jessica Kim,Agent,01/04/2026,08/16/2026
OPP-01643,IronGate Tech,IP Transit,347.07,Verbal Agreement,Best Case,Amy Rodriguez,Channel,12/04/2025,03/23/2026
OPP-01644,Quantum Networks,IP Transit,31.32,3 - Propose,Best Case,Chris Weber,Agent,01/05/2026,03/21/2026
OPP-01645,HorizonIO,Wavelengths,294.6,Verbal Agreement,Commit,Ryan O'Brien,Direct,02/26/2026,07/14/2026
OPP-01646,SkyBridge Networks,Cloud Connect,347.42,1 - Discover,Commit,Ryan O'Brien,Channel,02/11/2026,04/22/2026
OPP-01650,IronGate Tech,Colocation,400.9,2 - Design Solution,Commit,Mark Thompson,Direct,03/18/2026,03/30/2026
OPP-01651,NetScale Systems,DDoS Protection,247.45,4 - Negotiate,Best Case,Lisa Chen,Agent,12/15/2025,04/21/2026
OPP-01657,Summit Cloud,MPLS,82.52,3 - Propose,Not In Forecast,David Park,Agent,01/09/2026,08/16/2026
OPP-01659,WavePoint,Managed Services,30.8,1 - Discover,Commit,Lisa Chen,Channel,11/22/2025,05/23/2026
OPP-01660,ClearPath,Dark Fiber,214.59,Verbal Agreement,Commit,Mark Thompson,Channel,01/16/2026,06/01/2026
OPP-01663,ByteWorks,DDoS Protection,99.6,Verbal Agreement,Not In Forecast,David Park,Channel,03/02/2026,07/09/2026
OPP-01666,SilverStream,Wavelengths,345.19,1 - Discover,Not In Forecast,Lisa Chen,Direct,11/30/2025,08/18/2026
OPP-01667,TechFlow Inc,IP Transit,599.44,4 - Negotiate,Best Case,Amy Rodriguez,Channel,12/09/2025,08/27/2026
OPP-01668,TechFlow Inc,DDoS Protection,630.18,3 - Propose,Best Case,Nicole Foster,Channel,11/18/2025,04/08/2026
OPP-01669,CoreConnect,IP Transit,2389.59,Verbal Agreement,Commit,Jessica Kim,Channel,11/28/2025,06/07/2026
OPP-01670,DigiPath,Cloud Connect,677.41,3 - Propose,Longshot,Lisa Chen,Agent,11/22/2025,07/08/2026
OPP-01671,FlexNet Solutions,Dark Fiber,1513.95,2 - Design Solution,Commit,Jessica Kim,Direct,03/17/2026,06/16/2026
OPP-01672,CopperLine,Cloud Connect,104.12,1 - Discover,Best Case,Jose Banales,Direct,12/26/2025,03/21/2026
OPP-01675,OmniConnect,Cloud Connect,129.1,3 - Propose,Commit,Lisa Chen,Channel,11/22/2025,04/02/2026
OPP-01677,Pinnacle IT,SD-WAN,406.03,4 - Negotiate,Best Case,Jose Banales,Agent,02/17/2026,05/12/2026
OPP-01679,Apex Digital,Dark Fiber,132.08,1 - Discover,Not In Forecast,Lisa Chen,Direct,12/28/2025,05/22/2026
OPP-01687,GridForce,DDoS Protection,706.32,Verbal Agreement,Longshot,Mark Thompson,Direct,03/14/2026,07/30/2026
OPP-01688,DigiPath,Colocation,511.98,3 - Propose,Commit,Nicole Foster,Channel,01/21/2026,07/07/2026
OPP-01691,NetScale Systems,Colocation,2031.24,Verbal Agreement,Best Case,Chris Weber,Agent,02/28/2026,07/26/2026
OPP-01692,PrimeRoute,Cloud Connect,27.56,Verbal Agreement,Not In Forecast,David Park,Direct,12/08/2025,03/18/2026
OPP-01693,CloudFirst,IP Transit,124.71,Verbal Agreement,Longshot,Ryan O'Brien,Direct,02/09/2026,05/11/2026
OPP-01697,VectorData,DDoS Protection,85.84,1 - Discover,Best Case,Lisa Chen,Direct,03/17/2026,07/08/2026
OPP-01698,Atlas Computing,Managed Services,541.77,1 - Discover,Commit,Amy Rodriguez,Channel,02/13/2026,03/23/2026
OPP-01699,SignalBridge,MPLS,364.9,1 - Discover,Commit,Sarah Mitchell,Channel,03/08/2026,04/27/2026
OPP-01700,CopperLine,Colocation,18.5,1 - Discover,Longshot,Lisa Chen,Direct,11/26/2025,08/23/2026
OPP-01702,CloudFirst,Cloud Connect,290.22,4 - Negotiate,Commit,Chris Weber,Agent,01/06/2026,05/16/2026
OPP-01704,DataSync Labs,Managed Services,526.12,3 - Propose,Best Case,Chris Weber,Channel,01/29/2026,07/02/2026
OPP-01705,OmniConnect,Dark Fiber,361.52,2 - Design Solution,Best Case,David Park,Agent,01/06/2026,04/21/2026
OPP-01706,IronGate Tech,Wavelengths,149.76,3 - Propose,Best Case,Sarah Mitchell,Channel,03/15/2026,06/13/2026
OPP-01709,ByteWorks,Ethernet,175.29,2 - Design Solution,Best Case,Ryan O'Brien,Channel,03/11/2026,06/19/2026
OPP-01711,RedRock Data,DDoS Protection,244.01,3 - Propose,Not In Forecast,Jose Banales,Channel,03/15/2026,09/10/2026
OPP-01712,Titanium Labs,SD-WAN,2210.42,4 - Negotiate,Longshot,Jessica Kim,Channel,02/18/2026,08/27/2026
OPP-01717,PrimeRoute,IP Transit,139.35,3 - Propose,Best Case,Chris Weber,Direct,12/19/2025,04/27/2026
OPP-01718,BluePeak,Wavelengths,649.49,2 - Design Solution,Not In Forecast,David Park,Channel,12/16/2025,09/02/2026
OPP-01719,Atlas Computing,Ethernet,504.78,1 - Discover,Commit,Sarah Mitchell,Agent,01/20/2026,07/31/2026
OPP-01722,TechFlow Inc,Colocation,144.24,2 - Design Solution,Not In Forecast,Chris Weber,Channel,12/04/2025,08/12/2026
OPP-01728,TechFlow Inc,MPLS,983.86,4 - Negotiate,Longshot,Mark Thompson,Agent,02/04/2026,06/16/2026
OPP-01731,IronGate Tech,Wavelengths,40.95,4 - Negotiate,Not In Forecast,Ryan O'Brien,Channel,11/23/2025,07/26/2026
OPP-01732,PulseNet,DDoS Protection,6769.01,1 - Discover,Best Case,Nicole Foster,Channel,01/05/2026,03/27/2026
OPP-01734,Quantum Networks,Managed Services,377.82,Verbal Agreement,Longshot,Chris Weber,Agent,12/04/2025,04/24/2026
OPP-01735,LinkStream,Ethernet,542.59,Verbal Agreement,Best Case,Mark Thompson,Direct,01/01/2026,08/08/2026
OPP-01736,Titanium Labs,IP Transit,294.76,3 - Propose,Longshot,Mark Thompson,Direct,12/15/2025,06/21/2026
OPP-01737,CloudFirst,DDoS Protection,1089.4,4 - Negotiate,Commit,Lisa Chen,Agent,01/25/2026,04/01/2026
OPP-01749,DigiPath,MPLS,385.53,3 - Propose,Longshot,Sarah Mitchell,Channel,01/29/2026,08/28/2026
OPP-01750,Atlas Computing,SD-WAN,362.85,1 - Discover,Not In Forecast,Jessica Kim,Direct,01/20/2026,06/28/2026
OPP-01753,TerraLink,SD-WAN,352.28,4 - Negotiate,Longshot,Nicole Foster,Channel,12/05/2025,08/10/2026
OPP-01756,FlexNet Solutions,Colocation,574.29,3 - Propose,Longshot,Nicole Foster,Agent,01/09/2026,09/02/2026
OPP-01757,IronGate Tech,Ethernet,836.47,3 - Propose,Longshot,David Park,Channel,02/26/2026,04/05/2026
OPP-01763,ClearPath,Managed Services,157.31,2 - Design Solution,Longshot,Nicole Foster,Direct,01/05/2026,04/03/2026
OPP-01767,ByteWorks,Wavelengths,40.05,Verbal Agreement,Longshot,Sarah Mitchell,Direct,03/11/2026,05/03/2026
OPP-01768,GridForce,DDoS Protection,1007.62,1 - Discover,Not In Forecast,Mark Thompson,Agent,12/25/2025,05/03/2026
OPP-01770,EchoPoint,Dark Fiber,491.61,3 - Propose,Commit,Jose Banales,Agent,12/07/2025,09/01/2026
OPP-01775,Atlas Computing,Cloud Connect,1728.76,2 - Design Solution,Longshot,Jose Banales,Channel,02/22/2026,06/06/2026
OPP-01776,NexGen Telecom,Dark Fiber,168.16,2 - Design Solution,Longshot,Mark Thompson,Channel,03/02/2026,07/20/2026
OPP-01778,CopperLine,Dark Fiber,592.41,2 - Design Solution,Commit,Sarah Mitchell,Channel,03/10/2026,06/21/2026
OPP-01779,CloudFirst,Managed Services,285.92,Verbal Agreement,Commit,Chris Weber,Channel,03/04/2026,07/17/2026
OPP-01782,TerraLink,DDoS Protection,694.08,Verbal Agreement,Best Case,Ryan O'Brien,Channel,01/19/2026,05/20/2026
OPP-01783,GridForce,Managed Services,55.29,1 - Discover,Commit,Nicole Foster,Direct,12/18/2025,09/12/2026
OPP-01784,OmniConnect,Colocation,365.5,1 - Discover,Not In Forecast,Chris Weber,Agent,12/25/2025,09/11/2026
OPP-01787,PulseNet,IP Transit,124.87,2 - Design Solution,Not In Forecast,Jose Banales,Channel,02/12/2026,06/08/2026
OPP-01788,VectorData,MPLS,3489.26,1 - Discover,Best Case,Chris Weber,Direct,12/25/2025,06/01/2026
OPP-01790,SkyBridge Networks,MPLS,2553.35,1 - Discover,Best Case,Chris Weber,Agent,02/26/2026,09/08/2026
OPP-01791,SwiftNode,Managed Services,226.12,2 - Design Solution,Best Case,David Park,Agent,12/08/2025,08/18/2026
OPP-01793,WavePoint,Dark Fiber,446.98,3 - Propose,Best Case,Chris Weber,Direct,11/21/2025,09/01/2026
OPP-01804,GoldGrid,SD-WAN,168.2,1 - Discover,Commit,Ryan O'Brien,Direct,11/29/2025,07/16/2026
OPP-01807,CloudFirst,Dark Fiber,192.99,Verbal Agreement,Best Case,Amy Rodriguez,Direct,03/09/2026,04/11/2026
OPP-01808,Acme Corp,Cloud Connect,131.79,3 - Propose,Best Case,Jose Banales,Channel,01/27/2026,03/18/2026
OPP-01809,OmniConnect,Colocation,725.56,Verbal Agreement,Not In Forecast,Mark Thompson,Channel,01/07/2026,08/01/2026
OPP-01810,IronGate Tech,IP Transit,90.42,2 - Design Solution,Best Case,Jessica Kim,Channel,03/10/2026,07/24/2026
OPP-01811,GoldGrid,DDoS Protection,275.74,4 - Negotiate,Not In Forecast,Lisa Chen,Direct,12/10/2025,06/27/2026
OPP-01813,ByteWorks,MPLS,744.64,Verbal Agreement,Best Case,Mark Thompson,Direct,01/16/2026,08/18/2026
OPP-01814,NetScale Systems,Colocation,63.22,1 - Discover,Not In Forecast,Jessica Kim,Channel,01/06/2026,04/11/2026
OPP-01817,NexGen Telecom,Colocation,2121.64,2 - Design Solution,Not In Forecast,David Park,Channel,01/05/2026,06/20/2026
OPP-01818,Zenith Systems,Colocation,478.13,3 - Propose,Longshot,Chris Weber,Direct,01/14/2026,05/09/2026
OPP-01822,RedRock Data,SD-WAN,218.47,Verbal Agreement,Best Case,Ryan O'Brien,Channel,02/28/2026,08/20/2026
OPP-01824,CopperLine,Colocation,1366.89,3 - Propose,Longshot,Ryan O'Brien,Direct,12/25/2025,06/06/2026
OPP-01825,Acme Corp,MPLS,1272.93,4 - Negotiate,Best Case,Mark Thompson,Agent,12/03/2025,03/26/2026
OPP-01827,FiberLink,Ethernet,1006.55,Verbal Agreement,Commit,Jose Banales,Agent,12/30/2025,07/19/2026
OPP-01828,HorizonIO,Colocation,111.53,4 - Negotiate,Commit,Ryan O'Brien,Direct,12/07/2025,07/10/2026
OPP-01831,SwiftNode,MPLS,791.62,1 - Discover,Best Case,Jose Banales,Agent,01/10/2026,08/29/2026
OPP-01832,DataSync Labs,Dark Fiber,173.82,4 - Negotiate,Commit,Sarah Mitchell,Agent,12/17/2025,05/26/2026
OPP-01833,FlexNet Solutions,SD-WAN,298.15,1 - Discover,Longshot,David Park,Direct,01/11/2026,08/08/2026
OPP-01834,Zenith Systems,Cloud Connect,605.66,4 - Negotiate,Not In Forecast,Mark Thompson,Channel,12/05/2025,06/06/2026
OPP-01839,Pinnacle IT,Ethernet,475.05,4 - Negotiate,Best Case,Mark Thompson,Agent,02/05/2026,06/14/2026
OPP-01841,SwiftNode,Wavelengths,261.26,Verbal Agreement,Not In Forecast,Jose Banales,Channel,01/15/2026,06/04/2026
OPP-01842,PrimeRoute,Managed Services,896.28,3 - Propose,Longshot,Lisa Chen,Channel,12/02/2025,07/14/2026
OPP-01843,DigiPath,Cloud Connect,360.41,Verbal Agreement,Best Case,Nicole Foster,Channel,11/22/2025,06/11/2026
OPP-01853,Cascade Networks,SD-WAN,546.46,4 - Negotiate,Longshot,Nicole Foster,Agent,03/03/2026,07/21/2026
OPP-01856,Cascade Networks,SD-WAN,866.5,3 - Propose,Not In Forecast,David Park,Channel,02/23/2026,04/27/2026
OPP-01858,DigiPath,Wavelengths,1606.2,4 - Negotiate,Commit,Nicole Foster,Direct,03/11/2026,03/23/2026
OPP-01861,Acme Corp,Cloud Connect,718.23,1 - Discover,Best Case,Lisa Chen,Direct,02/26/2026,08/14/2026
OPP-01865,LinkStream,DDoS Protection,164.95,1 - Discover,Not In Forecast,Chris Weber,Direct,01/29/2026,05/19/2026
OPP-01869,RedRock Data,IP Transit,681.16,Verbal Agreement,Longshot,Jessica Kim,Direct,03/15/2026,05/20/2026
OPP-01871,FiberLink,MPLS,28.18,2 - Design Solution,Longshot,Jessica Kim,Channel,01/09/2026,05/24/2026
OPP-01875,GoldGrid,Colocation,830.88,3 - Propose,Best Case,Jessica Kim,Channel,03/06/2026,07/21/2026
OPP-01879,Acme Corp,MPLS,192.41,3 - Propose,Best Case,Jose Banales,Agent,01/01/2026,05/24/2026
OPP-01880,SignalBridge,Dark Fiber,1066.48,2 - Design Solution,Commit,David Park,Direct,02/04/2026,03/26/2026
OPP-01887,DataSync Labs,Dark Fiber,129.35,2 - Design Solution,Best Case,Nicole Foster,Channel,11/26/2025,08/11/2026
OPP-01889,RedRock Data,Ethernet,328.12,Verbal Agreement,Commit,Mark Thompson,Channel,12/12/2025,03/26/2026
OPP-01892,DigiPath,MPLS,382.24,1 - Discover,Longshot,Mark Thompson,Agent,12/27/2025,05/19/2026
OPP-01893,BluePeak,Dark Fiber,123.28,3 - Propose,Commit,Mark Thompson,Direct,02/08/2026,06/27/2026
OPP-01896,BluePeak,Wavelengths,1153.85,Verbal Agreement,Longshot,Jessica Kim,Agent,12/02/2025,06/23/2026
OPP-01901,Titanium Labs,Colocation,1585.66,2 - Design Solution,Longshot,Lisa Chen,Channel,01/22/2026,07/07/2026
OPP-01903,SignalBridge,Wavelengths,1789.73,4 - Negotiate,Commit,Mark Thompson,Direct,01/02/2026,06/10/2026
OPP-01906,NexGen Telecom,IP Transit,541.37,Verbal Agreement,Commit,Jessica Kim,Direct,01/06/2026,03/20/2026
OPP-01907,EchoPoint,Cloud Connect,487.12,1 - Discover,Longshot,David Park,Agent,01/06/2026,05/19/2026
OPP-01908,DataSync Labs,Dark Fiber,445.03,Verbal Agreement,Best Case,Jose Banales,Agent,01/12/2026,04/17/2026
OPP-01909,FiberLink,Ethernet,1280.24,Verbal Agreement,Longshot,Jessica Kim,Direct,02/14/2026,05/23/2026
OPP-01910,ClearPath,Colocation,1693.16,3 - Propose,Commit,Mark Thompson,Agent,11/26/2025,06/18/2026
OPP-01913,TechFlow Inc,IP Transit,431.84,2 - Design Solution,Longshot,Ryan O'Brien,Direct,11/18/2025,04/25/2026
OPP-01916,Quantum Networks,IP Transit,3191.28,Verbal Agreement,Longshot,Nicole Foster,Direct,12/01/2025,08/05/2026
OPP-01919,TechFlow Inc,Wavelengths,534.34,2 - Design Solution,Commit,Mark Thompson,Direct,12/04/2025,03/25/2026
OPP-01924,Apex Digital,Wavelengths,457.86,2 - Design Solution,Not In Forecast,Mark Thompson,Channel,03/17/2026,06/15/2026
OPP-01925,Zenith Systems,IP Transit,266.81,Verbal Agreement,Longshot,Mark Thompson,Channel,02/27/2026,08/24/2026
OPP-01926,FlexNet Solutions,Managed Services,128.64,Verbal Agreement,Commit,Jessica Kim,Direct,11/22/2025,07/01/2026
OPP-01929,ClearPath,DDoS Protection,158.9,3 - Propose,Best Case,David Park,Agent,11/20/2025,06/28/2026
OPP-01931,WavePoint,Managed Services,198.7,4 - Negotiate,Longshot,Lisa Chen,Direct,01/21/2026,07/24/2026
OPP-01934,PulseNet,Ethernet,88.23,1 - Discover,Not In Forecast,Jose Banales,Direct,11/18/2025,05/18/2026
OPP-01935,RedRock Data,IP Transit,637.43,Verbal Agreement,Not In Forecast,Sarah Mitchell,Agent,01/27/2026,08/16/2026
OPP-01941,TechFlow Inc,Colocation,4956.27,4 - Negotiate,Not In Forecast,Ryan O'Brien,Direct,12/20/2025,07/19/2026
OPP-01943,PulseNet,SD-WAN,263.86,Verbal Agreement,Commit,Ryan O'Brien,Direct,11/19/2025,04/30/2026
OPP-01949,FiberLink,DDoS Protection,163.54,3 - Propose,Not In Forecast,Nicole Foster,Direct,02/15/2026,05/31/2026
OPP-01950,Zenith Systems,Ethernet,1066.93,Verbal Agreement,Commit,Lisa Chen,Agent,11/29/2025,03/18/2026
OPP-01951,Apex Digital,Dark Fiber,362.18,4 - Negotiate,Not In Forecast,Sarah Mitchell,Channel,03/07/2026,04/18/2026
OPP-01954,WavePoint,SD-WAN,1063.3,3 - Propose,Not In Forecast,David Park,Channel,01/16/2026,04/23/2026
OPP-01956,VectorData,Managed Services,578.76,4 - Negotiate,Commit,Ryan O'Brien,Agent,01/19/2026,06/07/2026
OPP-01957,HorizonIO,Ethernet,256.76,4 - Negotiate,Longshot,Ryan O'Brien,Direct,01/21/2026,06/09/2026
OPP-01961,Pinnacle IT,DDoS Protection,1673.85,2 - Design Solution,Not In Forecast,Mark Thompson,Channel,02/03/2026,03/31/2026
OPP-01962,BluePeak,Dark Fiber,225.53,Verbal Agreement,Longshot,David Park,Agent,02/25/2026,06/20/2026
OPP-01963,NexGen Telecom,SD-WAN,4047.85,Verbal Agreement,Best Case,Jose Banales,Channel,01/17/2026,05/08/2026
OPP-01967,WavePoint,Managed Services,2831.97,4 - Negotiate,Not In Forecast,Sarah Mitchell,Direct,01/11/2026,08/20/2026
OPP-01971,CloudFirst,DDoS Protection,211.43,4 - Negotiate,Commit,Ryan O'Brien,Direct,03/15/2026,05/12/2026
OPP-01972,Quantum Networks,DDoS Protection,5109.52,1 - Discover,Commit,Lisa Chen,Channel,12/25/2025,08/14/2026
OPP-01973,GridForce,Ethernet,199.62,2 - Design Solution,Best Case,Mark Thompson,Channel,03/07/2026,04/15/2026
OPP-01974,SwiftNode,IP Transit,665.25,4 - Negotiate,Longshot,Nicole Foster,Channel,12/21/2025,04/02/2026
OPP-01975,SignalBridge,Cloud Connect,121.99,Verbal Agreement,Best Case,Nicole Foster,Agent,02/20/2026,08/19/2026
OPP-01978,SignalBridge,Managed Services,58.64,3 - Propose,Longshot,Mark Thompson,Agent,11/20/2025,07/11/2026
OPP-01980,DataSync Labs,IP Transit,1132.97,3 - Propose,Commit,Mark Thompson,Direct,12/23/2025,05/23/2026
OPP-01983,ByteWorks,DDoS Protection,52.21,Verbal Agreement,Best Case,Nicole Foster,Agent,02/22/2026,05/19/2026
OPP-01986,CloudFirst,Wavelengths,121.77,4 - Negotiate,Longshot,Mark Thompson,Direct,02/01/2026,06/21/2026
OPP-01990,GoldGrid,DDoS Protection,26.46,2 - Design Solution,Longshot,Sarah Mitchell,Channel,12/28/2025,04/22/2026
OPP-01991,PrimeRoute,Dark Fiber,272.89,1 - Discover,Longshot,Lisa Chen,Direct,01/02/2026,03/20/2026
OPP-01992,Apex Digital,Wavelengths,41.09,2 - Design Solution,Longshot,David Park,Direct,12/18/2025,09/04/2026
OPP-01993,CloudFirst,Colocation,592.05,4 - Negotiate,Best Case,Jessica Kim,Channel,01/04/2026,09/11/2026
OPP-01995,CopperLine,IP Transit,392.82,4 - Negotiate,Not In Forecast,Jose Banales,Channel,03/04/2026,08/12/2026
OPP-01998,Cascade Networks,Ethernet,1667.25,3 - Propose,Not In Forecast,Ryan O'Brien,Direct,12/05/2025,06/29/2026
OPP-02004,Pinnacle IT,SD-WAN,134.78,Verbal Agreement,Longshot,Jose Banales,Direct,02/23/2026,05/08/2026
OPP-02012,StarForge,Managed Services,710.6,4 - Negotiate,Best Case,Jose Banales,Direct,12/26/2025,09/12/2026
OPP-02014,ByteWorks,SD-WAN,404.77,2 - Design Solution,Longshot,Amy Rodriguez,Channel,01/14/2026,08/10/2026
OPP-02015,Acme Corp,IP Transit,909.33,3 - Propose,Best Case,Amy Rodriguez,Channel,01/10/2026,08/08/2026
OPP-02018,Zenith Systems,SD-WAN,500.37,Verbal Agreement,Commit,Lisa Chen,Channel,12/21/2025,09/06/2026
OPP-02019,IronGate Tech,Dark Fiber,804.96,4 - Negotiate,Not In Forecast,David Park,Channel,01/21/2026,07/29/2026
OPP-02022,HorizonIO,Wavelengths,4361.47,Verbal Agreement,Best Case,Ryan O'Brien,Channel,01/14/2026,07/17/2026
OPP-02023,SignalBridge,MPLS,130.82,3 - Propose,Not In Forecast,Sarah Mitchell,Direct,11/20/2025,05/31/2026
OPP-02029,Titanium Labs,IP Transit,237.11,1 - Discover,Commit,Mark Thompson,Direct,01/26/2026,06/28/2026
OPP-02033,Acme Corp,Colocation,306.26,2 - Design Solution,Commit,Chris Weber,Channel,12/14/2025,09/12/2026
OPP-02034,CopperLine,Colocation,1557.25,2 - Design Solution,Commit,Lisa Chen,Direct,12/02/2025,05/29/2026
OPP-02036,GridForce,Dark Fiber,805.43,Verbal Agreement,Best Case,Amy Rodriguez,Channel,03/01/2026,03/31/2026
OPP-02041,SilverStream,DDoS Protection,92.33,3 - Propose,Longshot,Ryan O'Brien,Direct,01/29/2026,05/04/2026
OPP-02044,PulseNet,DDoS Protection,226.38,3 - Propose,Not In Forecast,Lisa Chen,Agent,02/06/2026,08/31/2026
OPP-02045,PulseNet,SD-WAN,167.62,4 - Negotiate,Longshot,Amy Rodriguez,Agent,12/15/2025,06/30/2026
OPP-02046,SilverStream,Dark Fiber,2291.16,2 - Design Solution,Best Case,Nicole Foster,Direct,11/19/2025,05/03/2026
OPP-02049,Summit Cloud,Wavelengths,413.3,3 - Propose,Longshot,Ryan O'Brien,Channel,03/09/2026,08/10/2026
OPP-02056,NexGen Telecom,Wavelengths,178.89,2 - Design Solution,Commit,Amy Rodriguez,Direct,11/21/2025,03/19/2026
OPP-02057,NetScale Systems,SD-WAN,1044.71,4 - Negotiate,Commit,David Park,Direct,02/27/2026,06/04/2026
OPP-02058,ByteWorks,Dark Fiber,208.72,1 - Discover,Best Case,David Park,Agent,01/23/2026,08/12/2026
OPP-02059,RedRock Data,Cloud Connect,63.29,4 - Negotiate,Not In Forecast,Mark Thompson,Agent,02/08/2026,06/09/2026
OPP-02060,TerraLink,SD-WAN,951.31,2 - Design Solution,Best Case,Mark Thompson,Agent,11/25/2025,07/28/2026
OPP-02063,CoreConnect,Dark Fiber,603.65,2 - Design Solution,Not In Forecast,Sarah Mitchell,Channel,01/30/2026,06/11/2026
OPP-02065,ByteWorks,Wavelengths,66.04,3 - Propose,Best Case,Lisa Chen,Channel,02/08/2026,04/30/2026
OPP-02068,PrimeRoute,Managed Services,397.83,3 - Propose,Not In Forecast,David Park,Agent,03/08/2026,04/19/2026
OPP-02069,ByteWorks,Cloud Connect,332.73,4 - Negotiate,Commit,Sarah Mitchell,Direct,02/26/2026,07/16/2026
OPP-02074,EchoPoint,SD-WAN,520.98,Verbal Agreement,Not In Forecast,Jose Banales,Direct,01/07/2026,04/28/2026
OPP-02075,DataSync Labs,Ethernet,576.4,Verbal Agreement,Longshot,Ryan O'Brien,Channel,02/06/2026,09/11/2026
OPP-02077,IronGate Tech,MPLS,681.19,3 - Propose,Commit,Lisa Chen,Direct,03/17/2026,05/05/2026
OPP-02078,SilverStream,Managed Services,382.78,Verbal Agreement,Not In Forecast,David Park,Channel,11/23/2025,08/17/2026
OPP-02079,SignalBridge,Dark Fiber,546.47,1 - Discover,Longshot,Sarah Mitchell,Agent,03/08/2026,05/13/2026
OPP-02080,Quantum Networks,Wavelengths,1129.42,2 - Design Solution,Commit,Lisa Chen,Agent,12/30/2025,08/02/2026
OPP-02082,Zenith Systems,Dark Fiber,139.85,2 - Design Solution,Not In Forecast,David Park,Channel,02/12/2026,03/19/2026
OPP-02083,Pinnacle IT,Managed Services,352.57,3 - Propose,Commit,David Park,Channel,03/08/2026,08/01/2026
OPP-02084,CoreConnect,Ethernet,316.24,3 - Propose,Longshot,Sarah Mitchell,Channel,02/19/2026,05/19/2026
OPP-02085,Titanium Labs,SD-WAN,112.44,4 - Negotiate,Best Case,Chris Weber,Channel,12/29/2025,09/13/2026
OPP-02089,EchoPoint,MPLS,303.42,Verbal Agreement,Longshot,Sarah Mitchell,Direct,12/31/2025,04/27/2026
OPP-02094,OmniConnect,Colocation,988.77,3 - Propose,Not In Forecast,Lisa Chen,Channel,12/08/2025,04/29/2026
OPP-02098,Acme Corp,Wavelengths,176.26,1 - Discover,Longshot,Jessica Kim,Direct,01/11/2026,03/31/2026
OPP-02101,Atlas Computing,MPLS,709.99,1 - Discover,Not In Forecast,Jose Banales,Channel,01/12/2026,06/02/2026
OPP-02103,StarForge,Managed Services,604.35,3 - Propose,Best Case,Chris Weber,Agent,12/19/2025,09/11/2026
OPP-02109,IronGate Tech,MPLS,423.01,2 - Design Solution,Best Case,Lisa Chen,Direct,12/26/2025,07/22/2026
OPP-02114,Zenith Systems,SD-WAN,91.59,4 - Negotiate,Commit,Jessica Kim,Direct,12/30/2025,08/22/2026
OPP-02115,Apex Digital,IP Transit,540.67,2 - Design Solution,Commit,Nicole Foster,Agent,02/07/2026,07/17/2026
OPP-02119,FiberLink,Colocation,1752.42,Verbal Agreement,Longshot,Lisa Chen,Agent,03/05/2026,08/18/2026
OPP-02123,GridForce,MPLS,37.57,4 - Negotiate,Best Case,Ryan O'Brien,Agent,12/31/2025,06/27/2026
OPP-02124,Atlas Computing,Colocation,732.29,Verbal Agreement,Best Case,Jessica Kim,Direct,12/14/2025,07/11/2026
OPP-02128,SwiftNode,IP Transit,1544.47,1 - Discover,Not In Forecast,Lisa Chen,Channel,01/08/2026,04/20/2026
OPP-02134,TechFlow Inc,Colocation,958.86,1 - Discover,Best Case,Lisa Chen,Channel,01/09/2026,05/06/2026
OPP-02136,EchoPoint,Ethernet,768.93,3 - Propose,Commit,Jose Banales,Agent,01/31/2026,07/06/2026
OPP-02140,StarForge,Dark Fiber,67.94,1 - Discover,Longshot,Mark Thompson,Agent,12/06/2025,08/31/2026
OPP-02141,DataSync Labs,Ethernet,449.8,Verbal Agreement,Commit,Sarah Mitchell,Channel,01/16/2026,05/05/2026
OPP-02145,Titanium Labs,DDoS Protection,841.48,2 - Design Solution,Longshot,Mark Thompson,Direct,12/09/2025,07/13/2026
OPP-02147,Quantum Networks,Cloud Connect,354.65,1 - Discover,Longshot,Sarah Mitchell,Agent,02/25/2026,04/24/2026
OPP-02150,DataSync Labs,DDoS Protection,649.51,Verbal Agreement,Longshot,Amy Rodriguez,Channel,03/01/2026,07/15/2026
OPP-02152,Cascade Networks,Wavelengths,6717.96,1 - Discover,Not In Forecast,Ryan O'Brien,Agent,01/22/2026,04/03/2026
OPP-02168,ByteWorks,Wavelengths,666.72,2 - Design Solution,Commit,Ryan O'Brien,Channel,12/30/2025,08/08/2026
OPP-02171,TerraLink,IP Transit,267.31,Verbal Agreement,Commit,Sarah Mitchell,Channel,03/15/2026,08/25/2026
OPP-02173,Titanium Labs,Colocation,940.14,3 - Propose,Longshot,Sarah Mitchell,Agent,02/11/2026,07/18/2026
OPP-02174,TerraLink,Dark Fiber,3332.54,2 - Design Solution,Longshot,Nicole Foster,Channel,11/21/2025,04/19/2026
OPP-02182,CopperLine,Cloud Connect,493.76,3 - Propose,Best Case,Chris Weber,Agent,01/19/2026,09/09/2026
OPP-02184,ClearPath,Cloud Connect,208.02,2 - Design Solution,Longshot,Sarah Mitchell,Agent,03/10/2026,08/05/2026
OPP-02186,VectorData,Cloud Connect,244.26,1 - Discover,Best Case,David Park,Channel,12/07/2025,06/17/2026
OPP-02187,Quantum Networks,Wavelengths,445.98,4 - Negotiate,Longshot,David Park,Agent,12/15/2025,04/03/2026
OPP-02192,StarForge,Dark Fiber,25.8,2 - Design Solution,Commit,Mark Thompson,Channel,01/04/2026,05/24/2026
OPP-02197,TerraLink,IP Transit,147.92,Verbal Agreement,Longshot,Jose Banales,Direct,12/14/2025,05/14/2026
OPP-02198,Titanium Labs,Wavelengths,140.41,3 - Propose,Commit,Lisa Chen,Direct,02/27/2026,05/11/2026
OPP-02201,PrimeRoute,IP Transit,50.3,3 - Propose,Not In Forecast,Jose Banales,Agent,02/06/2026,05/19/2026
OPP-02202,PrimeRoute,MPLS,1769.77,2 - Design Solution,Longshot,Ryan O'Brien,Agent,01/08/2026,04/10/2026
OPP-02204,SkyBridge Networks,Ethernet,332.91,4 - Negotiate,Not In Forecast,Ryan O'Brien,Direct,02/26/2026,06/20/2026
OPP-02205,ByteWorks,Ethernet,185.03,2 - Design Solution,Longshot,Chris Weber,Agent,03/16/2026,06/26/2026
OPP-02208,ClearPath,Managed Services,457.11,4 - Negotiate,Longshot,Sarah Mitchell,Direct,12/15/2025,09/02/2026
OPP-02210,FlexNet Solutions,MPLS,3036.23,Verbal Agreement,Commit,Jessica Kim,Agent,01/10/2026,04/11/2026
OPP-02213,EchoPoint,MPLS,461.22,1 - Discover,Longshot,Chris Weber,Channel,01/30/2026,05/10/2026
OPP-02216,FiberLink,Managed Services,592.54,Verbal Agreement,Best Case,Mark Thompson,Agent,01/07/2026,08/11/2026
OPP-02218,BluePeak,Managed Services,173.17,Verbal Agreement,Commit,Jose Banales,Channel,11/22/2025,04/13/2026
OPP-02219,TerraLink,Wavelengths,79.46,Verbal Agreement,Best Case,Mark Thompson,Channel,01/29/2026,08/19/2026
OPP-02221,EchoPoint,Wavelengths,927.6,Verbal Agreement,Commit,David Park,Direct,11/27/2025,07/07/2026
OPP-02223,TechFlow Inc,Dark Fiber,578.58,2 - Design Solution,Not In Forecast,David Park,Agent,03/07/2026,07/02/2026
OPP-02224,DigiPath,DDoS Protection,2826.54,1 - Discover,Best Case,Ryan O'Brien,Direct,12/25/2025,04/23/2026
OPP-02225,DigiPath,Ethernet,232.61,3 - Propose,Best Case,David Park,Agent,11/25/2025,05/10/2026
OPP-02229,DigiPath,IP Transit,1240.78,3 - Propose,Not In Forecast,Ryan O'Brien,Channel,01/17/2026,07/26/2026
OPP-02230,SkyBridge Networks,Managed Services,536.2,2 - Design Solution,Commit,Chris Weber,Channel,11/22/2025,08/28/2026
OPP-02231,RedRock Data,SD-WAN,63.96,4 - Negotiate,Longshot,Nicole Foster,Direct,12/09/2025,05/20/2026
OPP-02232,WavePoint,Wavelengths,646.2,1 - Discover,Longshot,Amy Rodriguez,Channel,12/15/2025,06/10/2026
OPP-02235,CopperLine,Colocation,725.57,Verbal Agreement,Not In Forecast,Nicole Foster,Agent,01/06/2026,08/19/2026
OPP-02237,Zenith Systems,Ethernet,66.92,3 - Propose,Commit,Amy Rodriguez,Channel,01/15/2026,04/26/2026
OPP-02239,VectorData,Dark Fiber,1842.55,1 - Discover,Not In Forecast,Ryan O'Brien,Channel,01/26/2026,08/18/2026
OPP-02244,Apex Digital,Managed Services,4808.84,Verbal Agreement,Commit,Mark Thompson,Direct,02/27/2026,07/07/2026
OPP-02246,NetScale Systems,Dark Fiber,227.18,3 - Propose,Longshot,David Park,Direct,03/09/2026,04/19/2026
OPP-02249,DigiPath,IP Transit,2099.76,Verbal Agreement,Longshot,Sarah Mitchell,Direct,03/17/2026,05/18/2026
OPP-02251,EchoPoint,SD-WAN,2278.85,1 - Discover,Not In Forecast,Mark Thompson,Agent,01/29/2026,08/28/2026
OPP-02255,GridForce,Managed Services,1118.61,Verbal Agreement,Longshot,Chris Weber,Agent,01/15/2026,07/23/2026
OPP-02260,FlexNet Solutions,Cloud Connect,15964.68,3 - Propose,Best Case,Mark Thompson,Direct,01/24/2026,06/25/2026
OPP-02261,ByteWorks,Dark Fiber,575.96,2 - Design Solution,Commit,David Park,Direct,01/13/2026,04/27/2026
OPP-02262,FiberLink,Managed Services,144.97,2 - Design Solution,Best Case,David Park,Direct,03/13/2026,04/17/2026
OPP-02263,OmniConnect,Ethernet,606.78,4 - Negotiate,Commit,Nicole Foster,Direct,01/07/2026,05/13/2026
OPP-02269,CoreConnect,Ethernet,291.25,4 - Negotiate,Commit,Sarah Mitchell,Channel,12/24/2025,06/10/2026
OPP-02271,GridForce,MPLS,312.25,4 - Negotiate,Not In Forecast,Sarah Mitchell,Direct,12/31/2025,04/01/2026
OPP-02272,OmniConnect,IP Transit,571.52,4 - Negotiate,Longshot,Jessica Kim,Agent,01/18/2026,08/05/2026
OPP-02273,CloudFirst,DDoS Protection,87.87,2 - Design Solution,Not In Forecast,Sarah Mitchell,Agent,11/21/2025,06/24/2026
OPP-02277,EchoPoint,MPLS,178.71,1 - Discover,Longshot,Mark Thompson,Direct,02/02/2026,09/02/2026
OPP-02279,BluePeak,Cloud Connect,2266.52,3 - Propose,Commit,Nicole Foster,Direct,03/02/2026,06/25/2026
OPP-02284,BluePeak,Cloud Connect,42.87,1 - Discover,Not In Forecast,Chris Weber,Agent,02/24/2026,04/19/2026
OPP-02288,Atlas Computing,IP Transit,620.29,3 - Propose,Commit,Amy Rodriguez,Direct,12/14/2025,05/15/2026
OPP-02293,LinkStream,Ethernet,463.77,4 - Negotiate,Commit,Chris Weber,Channel,02/15/2026,05/09/2026
OPP-02294,TerraLink,Dark Fiber,2795.67,Verbal Agreement,Commit,Amy Rodriguez,Agent,01/28/2026,06/20/2026
OPP-02295,BluePeak,SD-WAN,976.96,1 - Discover,Longshot,Nicole Foster,Agent,02/23/2026,04/10/2026
OPP-02296,Titanium Labs,Ethernet,249.26,1 - Discover,Longshot,Amy Rodriguez,Direct,02/26/2026,07/31/2026
OPP-02297,CloudFirst,Colocation,775.78,Verbal Agreement,Commit,Jose Banales,Direct,12/24/2025,05/22/2026
OPP-02299,ClearPath,Ethernet,419.72,3 - Propose,Longshot,Ryan O'Brien,Agent,01/15/2026,06/07/2026
OPP-02301,FlexNet Solutions,Managed Services,447.85,4 - Negotiate,Commit,Sarah Mitchell,Channel,12/07/2025,07/14/2026
OPP-02302,FiberLink,DDoS Protection,388.65,2 - Design Solution,Commit,Nicole Foster,Agent,12/01/2025,06/19/2026
OPP-02303,Cascade Networks,DDoS Protection,55.04,1 - Discover,Not In Forecast,Chris Weber,Agent,01/13/2026,06/17/2026
OPP-02305,SkyBridge Networks,Ethernet,552.05,1 - Discover,Not In Forecast,David Park,Channel,02/16/2026,04/25/2026
OPP-02306,EchoPoint,Cloud Connect,600.24,2 - Design Solution,Best Case,Lisa Chen,Channel,12/24/2025,04/27/2026
OPP-02309,Summit Cloud,Cloud Connect,27.45,4 - Negotiate,Not In Forecast,Lisa Chen,Direct,02/01/2026,08/08/2026
OPP-02310,ByteWorks,SD-WAN,183.13,1 - Discover,Longshot,Amy Rodriguez,Direct,03/18/2026,06/02/2026
OPP-02311,IronGate Tech,Wavelengths,239.74,4 - Negotiate,Best Case,Lisa Chen,Direct,01/18/2026,07/17/2026
OPP-02312,Pinnacle IT,Managed Services,215.44,Verbal Agreement,Not In Forecast,Sarah Mitchell,Direct,02/09/2026,07/25/2026
OPP-02314,LinkStream,Dark Fiber,12087.36,4 - Negotiate,Not In Forecast,Amy Rodriguez,Agent,03/17/2026,04/17/2026
OPP-02316,FlexNet Solutions,Dark Fiber,430.34,4 - Negotiate,Longshot,Nicole Foster,Agent,02/25/2026,05/25/2026
OPP-02318,GoldGrid,Ethernet,124.32,Verbal Agreement,Commit,Mark Thompson,Direct,01/15/2026,03/23/2026
OPP-02320,Quantum Networks,Cloud Connect,1721.96,1 - Discover,Commit,Jose Banales,Agent,01/21/2026,03/26/2026
OPP-02322,Apex Digital,SD-WAN,396.2,3 - Propose,Best Case,Ryan O'Brien,Agent,12/01/2025,05/29/2026
OPP-02324,TechFlow Inc,Ethernet,335.3,4 - Negotiate,Best Case,Sarah Mitchell,Channel,12/27/2025,06/26/2026
OPP-02325,EchoPoint,Cloud Connect,660.13,4 - Negotiate,Commit,David Park,Agent,03/01/2026,03/26/2026
OPP-02326,WavePoint,Dark Fiber,82.37,1 - Discover,Commit,Ryan O'Brien,Channel,12/28/2025,04/09/2026
OPP-02328,CloudFirst,Ethernet,172.41,2 - Design Solution,Best Case,Lisa Chen,Channel,03/01/2026,03/21/2026
OPP-02332,BluePeak,DDoS Protection,458.91,1 - Discover,Best Case,Mark Thompson,Agent,12/05/2025,09/06/2026
OPP-02333,IronGate Tech,Colocation,190.74,Verbal Agreement,Longshot,Sarah Mitchell,Channel,02/24/2026,07/13/2026
OPP-02334,Acme Corp,Cloud Connect,93.14,1 - Discover,Best Case,Lisa Chen,Direct,02/12/2026,05/19/2026
OPP-02335,Acme Corp,MPLS,324.95,Verbal Agreement,Best Case,Chris Weber,Channel,11/30/2025,08/07/2026
OPP-02336,CopperLine,Wavelengths,850.84,Verbal Agreement,Commit,David Park,Direct,02/22/2026,04/13/2026
OPP-02337,Zenith Systems,Managed Services,418.17,1 - Discover,Best Case,Chris Weber,Channel,02/10/2026,07/31/2026
OPP-02350,Acme Corp,Managed Services,692.24,3 - Propose,Longshot,Lisa Chen,Direct,02/15/2026,08/11/2026
OPP-02351,SwiftNode,Cloud Connect,18.54,3 - Propose,Commit,Lisa Chen,Channel,03/01/2026,08/29/2026
OPP-02352,PrimeRoute,SD-WAN,1248.09,3 - Propose,Not In Forecast,Chris Weber,Agent,01/26/2026,07/22/2026
OPP-02353,LinkStream,Cloud Connect,64.35,2 - Design Solution,Longshot,David Park,Channel,01/05/2026,09/01/2026
OPP-02354,IronGate Tech,Colocation,2468.01,3 - Propose,Longshot,Ryan O'Brien,Agent,01/21/2026,05/07/2026
OPP-02355,FlexNet Solutions,Colocation,2543.48,3 - Propose,Not In Forecast,Lisa Chen,Agent,12/15/2025,07/07/2026
OPP-02357,SilverStream,SD-WAN,1691.19,4 - Negotiate,Best Case,Lisa Chen,Direct,02/10/2026,08/31/2026
OPP-02360,SwiftNode,Ethernet,141.92,Verbal Agreement,Longshot,Jessica Kim,Direct,02/11/2026,08/25/2026
OPP-02363,VectorData,Ethernet,675.0,3 - Propose,Best Case,Lisa Chen,Channel,12/18/2025,09/02/2026
OPP-02364,OmniConnect,MPLS,314.29,2 - Design Solution,Not In Forecast,Jose Banales,Channel,03/02/2026,05/24/2026
OPP-02366,OmniConnect,Cloud Connect,650.42,3 - Propose,Commit,David Park,Channel,02/28/2026,08/19/2026
OPP-02369,TerraLink,Wavelengths,257.83,4 - Negotiate,Best Case,Mark Thompson,Direct,02/23/2026,07/04/2026
OPP-02371,SignalBridge,Dark Fiber,473.23,4 - Negotiate,Not In Forecast,Nicole Foster,Agent,12/18/2025,03/23/2026
OPP-02372,NexGen Telecom,MPLS,269.71,4 - Negotiate,Longshot,Nicole Foster,Channel,02/18/2026,08/22/2026
OPP-02373,CopperLine,Colocation,276.58,4 - Negotiate,Commit,Mark Thompson,Direct,12/10/2025,05/12/2026
OPP-02377,ClearPath,SD-WAN,202.69,3 - Propose,Best Case,Nicole Foster,Direct,02/08/2026,06/02/2026
OPP-02383,SilverStream,MPLS,192.2,1 - Discover,Commit,Sarah Mitchell,Channel,03/01/2026,05/02/2026
OPP-02384,Acme Corp,IP Transit,533.61,2 - Design Solution,Commit,Chris Weber,Agent,03/11/2026,05/11/2026
OPP-02386,LinkStream,SD-WAN,257.89,3 - Propose,Best Case,Chris Weber,Agent,12/18/2025,07/04/2026
OPP-02392,OmniConnect,IP Transit,1931.96,1 - Discover,Not In Forecast,Sarah Mitchell,Channel,12/18/2025,05/25/2026
OPP-02393,StarForge,Cloud Connect,257.12,Verbal Agreement,Not In Forecast,Jose Banales,Agent,11/18/2025,07/31/2026
OPP-02394,SkyBridge Networks,Wavelengths,104.11,Verbal Agreement,Longshot,Sarah Mitchell,Agent,12/21/2025,06/19/2026
OPP-02395,BluePeak,MPLS,61.81,3 - Propose,Best Case,Jessica Kim,Direct,01/15/2026,07/05/2026
OPP-02399,DataSync Labs,IP Transit,59.23,3 - Propose,Not In Forecast,Mark Thompson,Direct,12/10/2025,07/22/2026
OPP-02402,TerraLink,MPLS,227.71,2 - Design Solution,Best Case,Ryan O'Brien,Channel,11/18/2025,03/25/2026
OPP-02403,PrimeRoute,Colocation,310.39,2 - Design Solution,Commit,Lisa Chen,Channel,02/23/2026,06/14/2026
OPP-02404,Titanium Labs,IP Transit,43.23,Verbal Agreement,Not In Forecast,Mark Thompson,Agent,03/17/2026,04/01/2026
OPP-02407,Pinnacle IT,Cloud Connect,2754.16,Verbal Agreement,Not In Forecast,Jessica Kim,Agent,03/12/2026,05/29/2026
OPP-02408,CopperLine,MPLS,18.05,3 - Propose,Longshot,Jessica Kim,Agent,01/10/2026,06/17/2026
OPP-02410,NexGen Telecom,Wavelengths,263.93,2 - Design Solution,Best Case,Chris Weber,Direct,02/21/2026,07/02/2026
OPP-02411,FiberLink,DDoS Protection,381.38,2 - Design Solution,Commit,Nicole Foster,Channel,11/29/2025,08/11/2026
OPP-02414,ByteWorks,Ethernet,42.26,2 - Design Solution,Longshot,Chris Weber,Direct,12/22/2025,08/13/2026
OPP-02415,DataSync Labs,Dark Fiber,80.01,1 - Discover,Longshot,David Park,Agent,02/21/2026,06/01/2026
OPP-02418,StarForge,Wavelengths,672.87,2 - Design Solution,Best Case,David Park,Channel,01/08/2026,03/27/2026
OPP-02421,GoldGrid,Dark Fiber,105.83,3 - Propose,Not In Forecast,Nicole Foster,Channel,12/05/2025,08/26/2026
OPP-02422,PrimeRoute,Dark Fiber,874.57,2 - Design Solution,Best Case,Ryan O'Brien,Agent,12/30/2025,08/31/2026
OPP-02425,SignalBridge,SD-WAN,648.1,2 - Design Solution,Best Case,Sarah Mitchell,Agent,01/12/2026,06/06/2026
OPP-02431,CopperLine,IP Transit,350.55,2 - Design Solution,Not In Forecast,Jose Banales,Agent,01/31/2026,09/03/2026
OPP-02440,Cascade Networks,Ethernet,275.65,Verbal Agreement,Not In Forecast,Jose Banales,Direct,12/15/2025,05/27/2026
OPP-02443,SwiftNode,Wavelengths,926.1,2 - Design Solution,Not In Forecast,Sarah Mitchell,Direct,12/01/2025,06/12/2026
OPP-02445,RedRock Data,SD-WAN,55.12,2 - Design Solution,Longshot,David Park,Agent,02/04/2026,08/28/2026
OPP-02450,NexGen Telecom,DDoS Protection,230.21,2 - Design Solution,Commit,Ryan O'Brien,Direct,02/18/2026,04/08/2026
OPP-02454,ByteWorks,Wavelengths,149.3,2 - Design Solution,Not In Forecast,Ryan O'Brien,Direct,11/29/2025,07/18/2026
OPP-02455,CloudFirst,Managed Services,199.36,3 - Propose,Not In Forecast,Lisa Chen,Direct,03/11/2026,07/05/2026
OPP-02457,RedRock Data,SD-WAN,4594.83,3 - Propose,Best Case,Jessica Kim,Channel,02/01/2026,06/16/2026
OPP-02458,GridForce,Managed Services,368.08,1 - Discover,Not In Forecast,Jessica Kim,Channel,12/24/2025,03/24/2026
OPP-02460,NetScale Systems,Cloud Connect,44.55,2 - Design Solution,Commit,Jessica Kim,Direct,02/08/2026,03/29/2026
OPP-02462,NexGen Telecom,Colocation,110.6,3 - Propose,Commit,Amy Rodriguez,Agent,02/06/2026,09/08/2026
OPP-02464,BluePeak,Wavelengths,407.24,Verbal Agreement,Not In Forecast,Sarah Mitchell,Agent,03/04/2026,06/06/2026
OPP-02465,Quantum Networks,Wavelengths,411.39,3 - Propose,Not In Forecast,Ryan O'Brien,Direct,02/26/2026,05/27/2026
OPP-02466,Zenith Systems,DDoS Protection,101.72,4 - Negotiate,Not In Forecast,Sarah Mitchell,Channel,01/22/2026,07/20/2026
OPP-02469,Titanium Labs,IP Transit,38.61,1 - Discover,Best Case,Jessica Kim,Channel,02/05/2026,08/01/2026
OPP-02471,HorizonIO,Managed Services,778.85,2 - Design Solution,Longshot,David Park,Channel,01/15/2026,07/24/2026
OPP-02476,SilverStream,Cloud Connect,1527.76,1 - Discover,Commit,Amy Rodriguez,Agent,03/15/2026,04/30/2026
OPP-02477,StarForge,DDoS Protection,273.87,1 - Discover,Best Case,Amy Rodriguez,Channel,12/15/2025,08/02/2026
OPP-02479,GridForce,Colocation,75.72,2 - Design Solution,Best Case,Sarah Mitchell,Channel,12/27/2025,04/27/2026
OPP-02482,OmniConnect,Cloud Connect,199.8,3 - Propose,Longshot,Lisa Chen,Direct,12/25/2025,03/20/2026
OPP-02483,SwiftNode,Managed Services,3341.49,1 - Discover,Not In Forecast,Ryan O'Brien,Direct,01/03/2026,08/22/2026
OPP-02486,GoldGrid,Wavelengths,2003.15,4 - Negotiate,Commit,Jose Banales,Channel,11/20/2025,04/02/2026
OPP-02488,WavePoint,Wavelengths,2000.82,4 - Negotiate,Not In Forecast,Jessica Kim,Channel,12/06/2025,03/25/2026
OPP-02495,DataSync Labs,Wavelengths,342.7,3 - Propose,Not In Forecast,Chris Weber,Channel,01/24/2026,07/26/2026
OPP-02497,CoreConnect,IP Transit,453.22,1 - Discover,Longshot,Nicole Foster,Direct,01/18/2026,08/15/2026
OPP-02498,PrimeRoute,Managed Services,412.9,2 - Design Solution,Commit,Sarah Mitchell,Agent,02/23/2026,05/22/2026
OPP-02501,LinkStream,Dark Fiber,688.79,2 - Design Solution,Commit,Nicole Foster,Channel,03/01/2026,08/07/2026
OPP-02502,VectorData,Colocation,964.68,Verbal Agreement,Longshot,Ryan O'Brien,Channel,01/05/2026,09/10/2026
OPP-02503,WavePoint,MPLS,5673.44,Verbal Agreement,Best Case,Mark Thompson,Channel,01/24/2026,04/29/2026
OPP-02508,NetScale Systems,SD-WAN,324.61,2 - Design Solution,Commit,Ryan O'Brien,Channel,03/05/2026,08/31/2026
OPP-02510,OmniConnect,DDoS Protection,448.34,4 - Negotiate,Commit,David Park,Direct,03/14/2026,03/30/2026
OPP-02512,Apex Digital,MPLS,496.74,2 - Design Solution,Best Case,Jessica Kim,Agent,12/27/2025,09/03/2026
OPP-02514,Summit Cloud,Dark Fiber,2671.79,2 - Design Solution,Commit,David Park,Direct,03/05/2026,06/11/2026
OPP-02515,ByteWorks,Managed Services,269.3,Verbal Agreement,Longshot,Lisa Chen,Channel,12/21/2025,05/26/2026
OPP-02517,CoreConnect,Managed Services,197.9,2 - Design Solution,Longshot,Mark Thompson,Direct,02/05/2026,08/11/2026
OPP-02519,Summit Cloud,Cloud Connect,3138.79,3 - Propose,Best Case,Jose Banales,Direct,01/28/2026,05/19/2026
OPP-02520,TechFlow Inc,Managed Services,270.04,Verbal Agreement,Best Case,Jessica Kim,Channel,03/18/2026,08/20/2026
OPP-02528,CopperLine,Managed Services,698.72,1 - Discover,Best Case,Jessica Kim,Direct,02/24/2026,05/30/2026
OPP-02531,ClearPath,Cloud Connect,3840.18,3 - Propose,Longshot,Jessica Kim,Direct,01/27/2026,03/22/2026
OPP-02534,VectorData,DDoS Protection,798.55,1 - Discover,Best Case,Nicole Foster,Channel,12/25/2025,04/18/2026
OPP-02536,DigiPath,Managed Services,152.69,4 - Negotiate,Commit,Jose Banales,Direct,02/23/2026,04/13/2026
OPP-02539,CopperLine,DDoS Protection,389.26,3 - Propose,Longshot,Jessica Kim,Channel,02/16/2026,07/30/2026
OPP-02543,SwiftNode,Wavelengths,7142.03,2 - Design Solution,Commit,David Park,Agent,02/11/2026,03/31/2026
OPP-02547,Apex Digital,IP Transit,379.21,Verbal Agreement,Best Case,Chris Weber,Direct,03/05/2026,06/11/2026
OPP-02549,SkyBridge Networks,Cloud Connect,498.18,1 - Discover,Longshot,David Park,Channel,11/28/2025,05/11/2026
OPP-02550,TerraLink,Managed Services,160.44,3 - Propose,Commit,Lisa Chen,Agent,02/14/2026,08/16/2026
OPP-02553,GridForce,Dark Fiber,2054.81,4 - Negotiate,Not In Forecast,Ryan O'Brien,Channel,11/23/2025,08/11/2026
OPP-02555,Pinnacle IT,DDoS Protection,197.48,4 - Negotiate,Best Case,Jessica Kim,Agent,11/23/2025,05/29/2026
OPP-02557,ByteWorks,IP Transit,167.71,4 - Negotiate,Longshot,Chris Weber,Channel,12/01/2025,08/15/2026
OPP-02560,DigiPath,Colocation,486.5,Verbal Agreement,Best Case,Sarah Mitchell,Agent,01/31/2026,06/26/2026
OPP-02565,TerraLink,MPLS,808.46,1 - Discover,Best Case,Lisa Chen,Agent,12/12/2025,04/09/2026
OPP-02566,Titanium Labs,Cloud Connect,1075.2,Verbal Agreement,Commit,Amy Rodriguez,Agent,03/17/2026,05/13/2026
OPP-02572,RedRock Data,SD-WAN,949.13,3 - Propose,Commit,Amy Rodriguez,Direct,02/01/2026,06/03/2026
OPP-02576,FlexNet Solutions,Colocation,1430.15,1 - Discover,Longshot,Amy Rodriguez,Channel,02/13/2026,06/23/2026
OPP-02577,Cascade Networks,Cloud Connect,2203.4,4 - Negotiate,Best Case,Chris Weber,Direct,03/16/2026,08/31/2026
OPP-02579,SilverStream,Cloud Connect,1537.96,2 - Design Solution,Not In Forecast,Jessica Kim,Direct,12/06/2025,06/22/2026
OPP-02582,ByteWorks,Ethernet,11963.5,2 - Design Solution,Longshot,Lisa Chen,Direct,12/23/2025,06/23/2026
OPP-02584,SwiftNode,Colocation,253.74,Verbal Agreement,Longshot,Chris Weber,Channel,12/19/2025,07/19/2026
OPP-02586,FiberLink,Wavelengths,883.43,Verbal Agreement,Longshot,Nicole Foster,Agent,01/01/2026,06/05/2026
OPP-02588,StarForge,DDoS Protection,443.14,4 - Negotiate,Best Case,Ryan O'Brien,Agent,11/23/2025,05/15/2026
OPP-02590,Zenith Systems,DDoS Protection,471.41,2 - Design Solution,Not In Forecast,Lisa Chen,Agent,12/08/2025,07/28/2026
OPP-02591,RedRock Data,Ethernet,799.53,3 - Propose,Best Case,Sarah Mitchell,Channel,01/30/2026,04/15/2026
OPP-02594,TechFlow Inc,IP Transit,256.66,1 - Discover,Longshot,Mark Thompson,Agent,11/26/2025,06/27/2026
OPP-02597,Zenith Systems,Dark Fiber,158.37,3 - Propose,Best Case,Jessica Kim,Agent,12/13/2025,03/21/2026
OPP-02600,ClearPath,Colocation,96.97,1 - Discover,Not In Forecast,Sarah Mitchell,Agent,02/11/2026,04/20/2026
OPP-02603,ClearPath,Colocation,1310.11,3 - Propose,Longshot,Mark Thompson,Agent,03/15/2026,06/08/2026
OPP-02604,DigiPath,Wavelengths,46.85,4 - Negotiate,Commit,Chris Weber,Direct,03/13/2026,07/15/2026
OPP-02605,ClearPath,Managed Services,1363.78,3 - Propose,Not In Forecast,David Park,Agent,03/03/2026,05/17/2026
OPP-02608,HorizonIO,Ethernet,422.66,4 - Negotiate,Not In Forecast,Amy Rodriguez,Channel,01/03/2026,07/17/2026
OPP-02609,DigiPath,Cloud Connect,2541.46,2 - Design Solution,Commit,Chris Weber,Agent,02/23/2026,05/14/2026
OPP-02612,SkyBridge Networks,SD-WAN,257.39,2 - Design Solution,Commit,Nicole Foster,Direct,02/02/2026,04/08/2026
OPP-02615,CoreConnect,MPLS,500.26,Verbal Agreement,Not In Forecast,Lisa Chen,Direct,02/28/2026,06/04/2026
OPP-02616,SignalBridge,IP Transit,862.31,3 - Propose,Not In Forecast,Nicole Foster,Agent,02/26/2026,07/18/2026
OPP-02620,Apex Digital,Cloud Connect,166.08,3 - Propose,Not In Forecast,David Park,Agent,02/05/2026,07/22/2026
OPP-02623,PulseNet,Colocation,358.3,3 - Propose,Commit,Jessica Kim,Agent,03/12/2026,05/13/2026
OPP-02625,FlexNet Solutions,Managed Services,162.95,Verbal Agreement,Not In Forecast,David Park,Direct,12/08/2025,04/01/2026
OPP-02627,SkyBridge Networks,Cloud Connect,318.44,1 - Discover,Best Case,Amy Rodriguez,Agent,01/04/2026,06/21/2026
OPP-02629,OmniConnect,Dark Fiber,548.37,3 - Propose,Commit,Amy Rodriguez,Agent,02/04/2026,07/16/2026
OPP-02633,FlexNet Solutions,IP Transit,404.69,4 - Negotiate,Not In Forecast,Jose Banales,Channel,02/02/2026,07/10/2026
OPP-02634,Atlas Computing,Wavelengths,334.4,4 - Negotiate,Commit,David Park,Direct,02/19/2026,05/12/2026
OPP-02636,StarForge,Colocation,2011.73,4 - Negotiate,Commit,Sarah Mitchell,Channel,01/24/2026,09/09/2026
OPP-02637,OmniConnect,DDoS Protection,689.25,1 - Discover,Not In Forecast,Nicole Foster,Direct,02/23/2026,08/07/2026
OPP-02641,StarForge,Ethernet,294.61,3 - Propose,Commit,Chris Weber,Channel,03/18/2026,07/07/2026
OPP-02648,CopperLine,Colocation,574.59,4 - Negotiate,Not In Forecast,Lisa Chen,Agent,12/05/2025,06/05/2026
OPP-02658,Acme Corp,IP Transit,131.05,2 - Design Solution,Not In Forecast,Mark Thompson,Channel,12/12/2025,04/05/2026
OPP-02661,Titanium Labs,Wavelengths,130.72,Verbal Agreement,Not In Forecast,Sarah Mitchell,Agent,02/10/2026,09/07/2026
OPP-02663,NetScale Systems,Colocation,601.52,Verbal Agreement,Longshot,Sarah Mitchell,Direct,03/15/2026,04/08/2026
OPP-02667,CoreConnect,IP Transit,1074.29,4 - Negotiate,Not In Forecast,Jessica Kim,Channel,02/18/2026,05/25/2026
OPP-02669,GoldGrid,SD-WAN,23.61,4 - Negotiate,Not In Forecast,Sarah Mitchell,Direct,01/01/2026,05/16/2026
OPP-02672,Zenith Systems,Managed Services,1910.93,4 - Negotiate,Longshot,Nicole Foster,Channel,01/22/2026,05/21/2026
OPP-02673,Cascade Networks,Wavelengths,324.33,2 - Design Solution,Commit,Jessica Kim,Direct,03/15/2026,07/12/2026
OPP-02680,Pinnacle IT,Managed Services,2378.97,2 - Design Solution,Best Case,Lisa Chen,Direct,12/22/2025,07/25/2026
OPP-02681,RedRock Data,IP Transit,1262.73,3 - Propose,Longshot,Lisa Chen,Agent,02/10/2026,05/19/2026
OPP-02682,GoldGrid,IP Transit,362.82,Verbal Agreement,Commit,Jessica Kim,Agent,03/16/2026,05/18/2026
OPP-02683,PrimeRoute,MPLS,1652.22,4 - Negotiate,Commit,Lisa Chen,Direct,01/12/2026,03/19/2026
OPP-02685,CoreConnect,Cloud Connect,466.49,Verbal Agreement,Longshot,Jose Banales,Channel,02/22/2026,05/24/2026
OPP-02686,Zenith Systems,SD-WAN,831.46,Verbal Agreement,Commit,Chris Weber,Direct,03/18/2026,06/01/2026
OPP-02687,Apex Digital,Cloud Connect,527.44,2 - Design Solution,Best Case,Jessica Kim,Direct,01/17/2026,09/12/2026
OPP-02688,FiberLink,Colocation,1808.58,Verbal Agreement,Best Case,Chris Weber,Channel,02/03/2026,08/31/2026
OPP-02689,CloudFirst,Cloud Connect,1974.62,4 - Negotiate,Commit,Jose Banales,Agent,02/11/2026,04/01/2026
OPP-02691,Summit Cloud,Wavelengths,433.37,1 - Discover,Best Case,Mark Thompson,Direct,01/24/2026,06/03/2026
OPP-02692,TerraLink,MPLS,1621.55,Verbal Agreement,Best Case,Nicole Foster,Direct,02/12/2026,05/12/2026
OPP-02695,DigiPath,Managed Services,898.52,2 - Design Solution,Not In Forecast,Chris Weber,Direct,12/21/2025,04/16/2026
OPP-02697,NexGen Telecom,IP Transit,1655.75,Verbal Agreement,Longshot,Lisa Chen,Agent,12/05/2025,08/01/2026
OPP-02699,SignalBridge,IP Transit,833.77,4 - Negotiate,Longshot,Amy Rodriguez,Direct,02/23/2026,05/20/2026
OPP-02710,Quantum Networks,IP Transit,864.16,3 - Propose,Longshot,Jessica Kim,Direct,12/07/2025,05/04/2026
OPP-02712,NetScale Systems,DDoS Protection,798.11,4 - Negotiate,Not In Forecast,Mark Thompson,Channel,12/29/2025,04/03/2026
OPP-02714,Summit Cloud,Wavelengths,662.65,3 - Propose,Best Case,Nicole Foster,Channel,12/14/2025,09/10/2026
OPP-02716,PrimeRoute,IP Transit,1779.49,3 - Propose,Not In Forecast,David Park,Direct,02/24/2026,08/11/2026
OPP-02718,TerraLink,Colocation,200.1,1 - Discover,Longshot,Jessica Kim,Agent,11/26/2025,03/22/2026
OPP-02720,TechFlow Inc,Wavelengths,322.85,4 - Negotiate,Not In Forecast,Amy Rodriguez,Agent,03/04/2026,09/11/2026
OPP-02722,GridForce,Wavelengths,159.64,3 - Propose,Best Case,Amy Rodriguez,Direct,12/05/2025,09/03/2026
OPP-02723,StarForge,Dark Fiber,581.66,2 - Design Solution,Longshot,Amy Rodriguez,Agent,02/20/2026,04/01/2026
OPP-02724,HorizonIO,Managed Services,496.17,2 - Design Solution,Commit,Chris Weber,Direct,11/29/2025,04/16/2026
OPP-02727,Acme Corp,MPLS,57.84,4 - Negotiate,Best Case,Jessica Kim,Direct,01/04/2026,09/13/2026
OPP-02728,ClearPath,SD-WAN,71.21,1 - Discover,Not In Forecast,Amy Rodriguez,Agent,01/13/2026,06/08/2026
OPP-02729,SwiftNode,Managed Services,148.88,1 - Discover,Not In Forecast,Nicole Foster,Agent,02/01/2026,08/05/2026
OPP-02731,TerraLink,Dark Fiber,21.45,3 - Propose,Best Case,Ryan O'Brien,Agent,01/05/2026,07/29/2026
OPP-02732,SilverStream,DDoS Protection,176.59,2 - Design Solution,Commit,Jose Banales,Direct,12/04/2025,09/05/2026
OPP-02733,Summit Cloud,MPLS,397.8,2 - Design Solution,Commit,Ryan O'Brien,Agent,02/20/2026,04/16/2026
OPP-02735,CloudFirst,Ethernet,4588.9,Verbal Agreement,Best Case,Lisa Chen,Agent,01/22/2026,06/19/2026
OPP-02738,VectorData,SD-WAN,318.42,1 - Discover,Best Case,David Park,Direct,02/21/2026,07/05/2026
OPP-02739,CoreConnect,DDoS Protection,11.66,3 - Propose,Longshot,Amy Rodriguez,Channel,12/19/2025,06/13/2026
OPP-02742,TerraLink,Managed Services,241.07,2 - Design Solution,Best Case,Ryan O'Brien,Channel,11/25/2025,07/09/2026
OPP-02748,ClearPath,Dark Fiber,165.74,3 - Propose,Commit,Nicole Foster,Direct,03/14/2026,04/25/2026
OPP-02750,PrimeRoute,Managed Services,464.0,1 - Discover,Commit,Chris Weber,Direct,02/07/2026,04/24/2026
OPP-02755,DataSync Labs,Dark Fiber,290.2,2 - Design Solution,Best Case,Ryan O'Brien,Direct,01/11/2026,08/09/2026
OPP-02757,DataSync Labs,DDoS Protection,502.0,1 - Discover,Longshot,Jessica Kim,Direct,02/04/2026,03/26/2026
OPP-02758,Atlas Computing,DDoS Protection,165.59,1 - Discover,Best Case,Nicole Foster,Channel,02/13/2026,05/17/2026
OPP-02766,VectorData,Dark Fiber,203.05,Verbal Agreement,Not In Forecast,Jessica Kim,Direct,01/15/2026,03/31/2026
OPP-02768,SilverStream,IP Transit,2320.21,1 - Discover,Longshot,Ryan O'Brien,Direct,12/03/2025,07/08/2026
OPP-02769,TechFlow Inc,Dark Fiber,84.11,1 - Discover,Not In Forecast,Amy Rodriguez,Direct,01/26/2026,07/27/2026
OPP-02770,Acme Corp,Ethernet,301.55,4 - Negotiate,Not In Forecast,Sarah Mitchell,Agent,01/31/2026,07/30/2026
OPP-02773,Acme Corp,Colocation,303.39,1 - Discover,Not In Forecast,Chris Weber,Channel,02/09/2026,04/13/2026
OPP-02780,LinkStream,Managed Services,123.02,3 - Propose,Best Case,David Park,Direct,03/09/2026,07/09/2026
OPP-02781,IronGate Tech,DDoS Protection,528.21,4 - Negotiate,Not In Forecast,Nicole Foster,Agent,02/24/2026,03/19/2026
OPP-02782,Cascade Networks,Cloud Connect,122.2,4 - Negotiate,Longshot,Amy Rodriguez,Channel,01/23/2026,06/02/2026
OPP-02786,NetScale Systems,Colocation,796.94,Verbal Agreement,Longshot,David Park,Channel,02/02/2026,05/13/2026
OPP-02787,SignalBridge,Wavelengths,38.25,4 - Negotiate,Commit,Lisa Chen,Channel,03/02/2026,09/02/2026
OPP-02788,Atlas Computing,Ethernet,1021.91,Verbal Agreement,Not In Forecast,David Park,Agent,12/21/2025,04/26/2026
OPP-02789,OmniConnect,MPLS,242.6,1 - Discover,Best Case,Jessica Kim,Agent,03/03/2026,08/12/2026
OPP-02790,Cascade Networks,Managed Services,1317.24,2 - Design Solution,Longshot,Ryan O'Brien,Direct,02/03/2026,08/03/2026
OPP-02793,GoldGrid,IP Transit,662.58,4 - Negotiate,Not In Forecast,Chris Weber,Channel,02/01/2026,08/03/2026
OPP-02796,Cascade Networks,SD-WAN,1573.31,4 - Negotiate,Not In Forecast,David Park,Channel,12/03/2025,04/04/2026
OPP-02798,GoldGrid,SD-WAN,873.44,2 - Design Solution,Longshot,Ryan O'Brien,Direct,12/18/2025,05/20/2026
OPP-02801,StarForge,Managed Services,134.64,4 - Negotiate,Longshot,Ryan O'Brien,Direct,01/22/2026,06/28/2026
OPP-02804,PrimeRoute,DDoS Protection,105.67,3 - Propose,Best Case,Nicole Foster,Agent,02/14/2026,08/01/2026
OPP-02806,Atlas Computing,Wavelengths,139.84,1 - Discover,Not In Forecast,Mark Thompson,Direct,01/23/2026,07/07/2026
OPP-02809,Quantum Networks,Dark Fiber,1000.57,2 - Design Solution,Longshot,Chris Weber,Direct,03/02/2026,08/27/2026
OPP-02810,SkyBridge Networks,Managed Services,66.13,2 - Design Solution,Not In Forecast,Lisa Chen,Channel,01/20/2026,08/29/2026
OPP-02812,SignalBridge,Colocation,254.15,1 - Discover,Longshot,Amy Rodriguez,Channel,11/23/2025,04/26/2026
OPP-02813,ClearPath,Cloud Connect,1112.85,Verbal Agreement,Best Case,Amy Rodriguez,Channel,01/31/2026,07/11/2026
OPP-02815,Atlas Computing,Ethernet,1515.84,3 - Propose,Longshot,Ryan O'Brien,Channel,02/21/2026,09/05/2026
OPP-02817,SwiftNode,Dark Fiber,100.02,2 - Design Solution,Longshot,Jose Banales,Agent,01/31/2026,08/16/2026
OPP-02819,NexGen Telecom,MPLS,1012.01,2 - Design Solution,Commit,Ryan O'Brien,Direct,03/08/2026,06/22/2026
OPP-02821,EchoPoint,Dark Fiber,233.92,2 - Design Solution,Best Case,Sarah Mitchell,Channel,12/29/2025,06/29/2026
OPP-02822,Atlas Computing,Dark Fiber,110.3,4 - Negotiate,Not In Forecast,Mark Thompson,Agent,01/03/2026,08/20/2026
OPP-02823,IronGate Tech,MPLS,658.86,Verbal Agreement,Not In Forecast,Amy Rodriguez,Channel,12/31/2025,08/10/2026
OPP-02824,ClearPath,MPLS,1327.68,1 - Discover,Best Case,Nicole Foster,Channel,02/14/2026,08/26/2026
OPP-02825,TerraLink,IP Transit,78.9,4 - Negotiate,Longshot,Nicole Foster,Agent,03/12/2026,04/06/2026
OPP-02826,StarForge,Ethernet,734.16,3 - Propose,Commit,Nicole Foster,Channel,01/07/2026,08/31/2026
OPP-02827,Apex Digital,Wavelengths,279.4,2 - Design Solution,Longshot,Sarah Mitchell,Agent,12/28/2025,04/25/2026
OPP-02835,NexGen Telecom,SD-WAN,207.4,2 - Design Solution,Best Case,Mark Thompson,Direct,11/23/2025,04/10/2026
OPP-02840,Apex Digital,Dark Fiber,186.75,2 - Design Solution,Commit,Sarah Mitchell,Direct,01/20/2026,04/06/2026
OPP-02842,Atlas Computing,IP Transit,116.05,2 - Design Solution,Commit,Lisa Chen,Direct,11/29/2025,08/31/2026
OPP-02843,CloudFirst,Cloud Connect,2088.71,Verbal Agreement,Best Case,Jessica Kim,Direct,11/25/2025,07/04/2026
OPP-02846,CopperLine,Managed Services,324.69,Verbal Agreement,Best Case,Sarah Mitchell,Channel,12/26/2025,05/12/2026
OPP-02847,TechFlow Inc,DDoS Protection,94.34,3 - Propose,Best Case,Amy Rodriguez,Agent,02/05/2026,08/31/2026
OPP-02849,WavePoint,Cloud Connect,21.89,3 - Propose,Best Case,Ryan O'Brien,Channel,02/05/2026,04/16/2026
OPP-02850,Titanium Labs,DDoS Protection,136.9,Verbal Agreement,Best Case,Jose Banales,Direct,01/27/2026,07/21/2026
OPP-02856,HorizonIO,DDoS Protection,46.79,1 - Discover,Not In Forecast,Jose Banales,Direct,02/21/2026,03/23/2026
OPP-02857,ClearPath,Cloud Connect,132.92,4 - Negotiate,Best Case,Amy Rodriguez,Agent,01/05/2026,07/25/2026
OPP-02860,CoreConnect,IP Transit,217.86,Verbal Agreement,Longshot,Jessica Kim,Direct,02/13/2026,04/19/2026
OPP-02861,FiberLink,Managed Services,498.31,2 - Design Solution,Commit,Lisa Chen,Channel,03/18/2026,08/13/2026
OPP-02864,VectorData,Colocation,648.95,4 - Negotiate,Not In Forecast,David Park,Direct,03/16/2026,08/11/2026
OPP-02866,Titanium Labs,Cloud Connect,4173.24,4 - Negotiate,Longshot,David Park,Direct,03/06/2026,07/07/2026
OPP-02871,NetScale Systems,Ethernet,228.53,Verbal Agreement,Longshot,Jose Banales,Channel,12/10/2025,08/25/2026
OPP-02872,NexGen Telecom,Cloud Connect,184.97,Verbal Agreement,Best Case,Amy Rodriguez,Direct,02/12/2026,08/01/2026
OPP-02875,NetScale Systems,Colocation,922.92,Verbal Agreement,Commit,Jessica Kim,Direct,01/19/2026,08/12/2026
OPP-02877,CopperLine,Colocation,269.3,4 - Negotiate,Longshot,Lisa Chen,Direct,03/09/2026,07/21/2026
OPP-02878,LinkStream,Colocation,863.19,2 - Design Solution,Not In Forecast,Ryan O'Brien,Agent,01/15/2026,03/19/2026
OPP-02879,CloudFirst,Managed Services,271.37,2 - Design Solution,Commit,Ryan O'Brien,Agent,12/08/2025,04/09/2026
OPP-02880,StarForge,Dark Fiber,118.31,4 - Negotiate,Commit,Ryan O'Brien,Direct,02/04/2026,06/30/2026
OPP-02885,RedRock Data,SD-WAN,581.18,2 - Design Solution,Not In Forecast,Ryan O'Brien,Channel,02/28/2026,05/30/2026
OPP-02894,LinkStream,Wavelengths,4942.62,4 - Negotiate,Commit,Jose Banales,Direct,11/18/2025,08/04/2026
OPP-02897,CoreConnect,Cloud Connect,219.65,1 - Discover,Commit,Jessica Kim,Agent,02/01/2026,07/30/2026
OPP-02899,SkyBridge Networks,Cloud Connect,79.07,2 - Design Solution,Best Case,David Park,Channel,01/16/2026,08/23/2026
OPP-02901,GoldGrid,Ethernet,699.24,Verbal Agreement,Not In Forecast,David Park,Agent,03/14/2026,09/07/2026
OPP-02902,Cascade Networks,Ethernet,222.37,1 - Discover,Longshot,Lisa Chen,Direct,02/22/2026,08/13/2026
OPP-02903,BluePeak,Cloud Connect,138.07,1 - Discover,Not In Forecast,Amy Rodriguez,Direct,02/07/2026,09/05/2026
OPP-02904,DataSync Labs,DDoS Protection,334.53,4 - Negotiate,Longshot,Jessica Kim,Direct,03/04/2026,08/10/2026
OPP-02907,Titanium Labs,DDoS Protection,175.48,Verbal Agreement,Commit,Lisa Chen,Agent,12/13/2025,08/07/2026
OPP-02909,LinkStream,Dark Fiber,1320.94,1 - Discover,Best Case,Jose Banales,Direct,01/05/2026,09/05/2026
OPP-02910,TerraLink,Ethernet,51.64,4 - Negotiate,Best Case,Mark Thompson,Channel,12/09/2025,05/09/2026
OPP-02913,WavePoint,DDoS Protection,1440.83,4 - Negotiate,Best Case,David Park,Channel,02/11/2026,07/16/2026
OPP-02914,Summit Cloud,Cloud Connect,6969.66,3 - Propose,Commit,Nicole Foster,Channel,02/02/2026,05/07/2026
OPP-02915,RedRock Data,Wavelengths,770.37,3 - Propose,Commit,Chris Weber,Channel,12/24/2025,06/15/2026
OPP-02917,EchoPoint,Managed Services,94.83,3 - Propose,Not In Forecast,Ryan O'Brien,Direct,01/01/2026,04/09/2026
OPP-02918,StarForge,Ethernet,979.31,3 - Propose,Best Case,Jessica Kim,Agent,01/13/2026,05/27/2026
OPP-02919,NexGen Telecom,SD-WAN,421.5,4 - Negotiate,Commit,Amy Rodriguez,Direct,01/07/2026,04/27/2026
OPP-02925,StarForge,DDoS Protection,7608.62,1 - Discover,Commit,Ryan O'Brien,Agent,11/23/2025,06/03/2026
OPP-02929,TerraLink,Wavelengths,1028.6,Verbal Agreement,Commit,Nicole Foster,Channel,03/10/2026,06/17/2026
OPP-02930,ClearPath,Wavelengths,292.03,Verbal Agreement,Not In Forecast,Nicole Foster,Direct,02/27/2026,09/03/2026
OPP-02933,DataSync Labs,MPLS,350.77,2 - Design Solution,Not In Forecast,David Park,Direct,01/20/2026,06/18/2026
OPP-02935,CoreConnect,Dark Fiber,2047.56,Verbal Agreement,Commit,Lisa Chen,Direct,01/11/2026,06/07/2026
OPP-02940,EchoPoint,Wavelengths,1059.14,3 - Propose,Longshot,Nicole Foster,Channel,12/21/2025,05/28/2026
OPP-02942,IronGate Tech,MPLS,1494.72,Verbal Agreement,Commit,Ryan O'Brien,Direct,01/19/2026,05/23/2026
OPP-02944,IronGate Tech,IP Transit,193.21,Verbal Agreement,Not In Forecast,Amy Rodriguez,Direct,02/03/2026,04/08/2026
OPP-02948,Cascade Networks,IP Transit,810.36,Verbal Agreement,Commit,David Park,Channel,12/03/2025,06/27/2026
OPP-02949,SkyBridge Networks,DDoS Protection,680.98,3 - Propose,Best Case,Mark Thompson,Channel,12/23/2025,05/02/2026
OPP-02950,GridForce,Cloud Connect,42.13,4 - Negotiate,Longshot,Mark Thompson,Channel,02/02/2026,06/25/2026
OPP-02953,WavePoint,IP Transit,3161.11,2 - Design Solution,Longshot,Sarah Mitchell,Direct,03/11/2026,05/14/2026
OPP-02954,FiberLink,SD-WAN,2220.31,Verbal Agreement,Best Case,Sarah Mitchell,Channel,12/21/2025,09/11/2026
OPP-02955,GridForce,Managed Services,705.8,2 - Design Solution,Best Case,Jessica Kim,Agent,11/30/2025,04/16/2026
OPP-02957,TerraLink,IP Transit,1385.51,3 - Propose,Best Case,David Park,Direct,02/12/2026,06/11/2026
OPP-02958,SkyBridge Networks,Colocation,1473.48,3 - Propose,Longshot,Jessica Kim,Channel,01/21/2026,07/29/2026
OPP-02959,EchoPoint,IP Transit,883.4,4 - Negotiate,Longshot,Lisa Chen,Agent,12/25/2025,05/04/2026
OPP-02961,ClearPath,Cloud Connect,420.74,2 - Design Solution,Commit,Lisa Chen,Agent,12/21/2025,07/08/2026
OPP-02962,Zenith Systems,Managed Services,466.17,1 - Discover,Not In Forecast,Chris Weber,Channel,12/26/2025,06/08/2026
OPP-02963,Summit Cloud,Managed Services,588.22,1 - Discover,Commit,Sarah Mitchell,Agent,02/13/2026,05/12/2026
OPP-02965,Pinnacle IT,SD-WAN,82.89,3 - Propose,Commit,Sarah Mitchell,Channel,11/19/2025,06/25/2026
OPP-02970,Cascade Networks,Colocation,413.86,4 - Negotiate,Best Case,Ryan O'Brien,Direct,12/02/2025,06/19/2026
OPP-02971,Titanium Labs,MPLS,7.26,2 - Design Solution,Best Case,Mark Thompson,Channel,01/22/2026,04/19/2026
OPP-02972,RedRock Data,SD-WAN,200.31,2 - Design Solution,Best Case,Nicole Foster,Direct,12/17/2025,08/19/2026
OPP-02973,Apex Digital,SD-WAN,65.27,4 - Negotiate,Commit,Ryan O'Brien,Direct,12/27/2025,07/30/2026
OPP-02976,WavePoint,Wavelengths,6.12,2 - Design Solution,Best Case,Mark Thompson,Agent,01/18/2026,08/07/2026
OPP-02978,IronGate Tech,MPLS,107.32,4 - Negotiate,Longshot,Mark Thompson,Agent,12/17/2025,04/11/2026
OPP-02979,PulseNet,Ethernet,1221.85,2 - Design Solution,Commit,David Park,Agent,12/02/2025,07/29/2026
OPP-02983,NexGen Telecom,Managed Services,1010.35,2 - Design Solution,Not In Forecast,Nicole Foster,Direct,12/31/2025,08/12/2026
OPP-02989,SilverStream,Dark Fiber,1234.56,Verbal Agreement,Not In Forecast,Sarah Mitchell,Direct,02/16/2026,08/20/2026
OPP-02990,TechFlow Inc,SD-WAN,2723.37,3 - Propose,Commit,Nicole Foster,Agent,01/05/2026,07/12/2026
OPP-02991,GoldGrid,MPLS,4.74,4 - Negotiate,Not In Forecast,Chris Weber,Channel,12/03/2025,03/29/2026
OPP-02993,Titanium Labs,Managed Services,2980.06,Verbal Agreement,Longshot,Mark Thompson,Channel,03/15/2026,09/08/2026
OPP-02994,SwiftNode,MPLS,373.42,4 - Negotiate,Longshot,Lisa Chen,Direct,12/27/2025,09/07/2026
OPP-02997,OmniConnect,Colocation,235.04,Verbal Agreement,Best Case,Chris Weber,Channel,03/07/2026,07/01/2026
OPP-03000,SwiftNode,Wavelengths,175.59,2 - Design Solution,Longshot,Amy Rodriguez,Channel,03/08/2026,06/07/2026
